customer_id,customer_name,company,region,segment,signup_date,last_purchase,lifetime_value,total_orders,satisfaction_score,loyalty_score,churned,churn_month
C0001,Yusuf Nguyen,DataBridge,North,Enterprise,2024-12-06,2024-09-15,201125.68,18,2.6,88,No,
C0002,Fiona Johnson,OmniCorp,East,Standard,2022-02-04,2026-03-12,241737.66,24,3.6,99,Yes,2025-01
C0003,Quinn Wilson,DataBridge,Central,Premium,2024-08-23,2025-09-12,153512.17,68,3.0,27,No,
C0004,Bob Brown,Acme Corp,South,Enterprise,2022-03-20,2026-02-19,92970.96,19,4.3,69,No,
C0005,Ivan Davis,PrimeSoft,South,Premium,2022-05-22,2025-12-05,136296.56,12,4.1,49,No,
C0006,William Nguyen,ClearPath,East,Standard,2024-09-20,2024-07-27,42605.4,103,3.6,18,No,
C0007,Hannah Johnson,AlphaCo,North,Premium,2024-09-14,2024-06-21,26798.67,119,3.3,49,No,
C0008,Zara Brown,AlphaCo,North,Enterprise,2022-07-04,2022-03-17,183440.22,42,4.0,77,No,
C0009,Laura Thompson,AlphaCo,Central,Premium,2022-01-06,2024-07-06,89567.36,97,4.2,83,No,
C0010,Chloe Taylor,GreenField Ltd,Central,Enterprise,2022-11-17,2023-11-05,39954.18,75,4.3,21,No,
C0011,Umar Anderson,ClearPath,South,Standard,2023-12-15,2024-08-12,200624.88,67,3.2,69,No,
C0012,William Brown,AlphaCo,North,Standard,2023-06-28,2023-11-03,23789.84,33,4.9,36,No,
C0013,Carlos Wilson,OmniCorp,West,Standard,2022-07-22,2026-02-16,126962.28,90,5.0,83,No,
C0014,Michael Smith,StarLink Technologies,South,Standard,2024-01-23,2025-12-18,188668.65,34,5.0,99,No,
C0015,Aaron Harris,DataBridge,Central,Enterprise,2023-03-22,2024-03-03,94927.48,20,3.8,21,No,
C0016,Michael Kim,BlueOcean Inc,North,Premium,2024-04-27,2026-01-10,78298.61,40,3.2,15,No,
C0017,Steve Taylor,NexGen Systems,East,Standard,2024-09-27,2024-08-20,212846.19,10,3.4,93,No,
C0018,Julia Anderson,TechVentures,North,Premium,2024-03-13,2025-01-04,110546.94,28,2.7,80,No,
C0019,Nina Lee,GreenField Ltd,North,Enterprise,2024-05-08,2025-07-12,78324.81,57,4.7,83,No,
C0020,Diana Jackson,DataBridge,West,Enterprise,2023-12-14,2023-06-28,178758.76,17,3.0,20,No,
C0021,Nina Martinez,Acme Corp,South,Standard,2023-11-09,2023-07-16,139780.3,105,4.2,31,No,
C0022,Yusuf Taylor,OmniCorp,West,Enterprise,2022-01-05,2023-06-17,8343.99,90,3.1,58,No,
C0023,Tina Smith,PrimeSoft,West,Premium,2023-02-25,2026-02-20,42361.45,68,3.0,50,No,
C0024,Beth Davis,ClearPath,South,Standard,2023-04-16,2023-12-24,128071.82,26,3.0,90,No,
C0025,Ethan Brown,TechVentures,South,Premium,2023-04-05,2026-01-20,53912.66,113,2.6,67,No,
C0026,William Brown,NexGen Systems,East,Premium,2022-09-14,2022-05-04,70965.29,38,4.9,68,Yes,2026-05
C0027,Chloe Patel,GlobalRetail,North,Enterprise,2024-12-11,2024-05-16,73639.04,80,2.8,38,No,
C0028,Paula Anderson,BlueOcean Inc,East,Enterprise,2024-01-22,2026-02-11,93339.33,106,3.4,90,No,
C0029,Laura Brown,DataBridge,East,Premium,2023-02-04,2024-11-24,152449.61,8,4.0,98,No,
C0030,George Jackson,TechVentures,North,Standard,2024-06-10,2026-04-25,54489.78,95,2.9,31,No,
C0031,Rachel Davis,OmniCorp,East,Standard,2023-11-23,2023-07-03,123291.05,70,4.8,79,No,
C0032,Fiona Robinson,AlphaCo,South,Premium,2024-01-26,2026-02-24,204560.71,66,4.2,80,No,
C0033,Fiona Jackson,OmniCorp,West,Standard,2023-07-20,2025-04-06,5882.13,76,3.0,16,No,
C0034,Zara Harris,GreenField Ltd,Central,Standard,2024-05-10,2024-05-23,70786.09,18,2.9,20,No,
C0035,Julia Patel,DataBridge,South,Standard,2023-03-09,2023-11-08,247436.39,29,3.8,15,No,
C0036,Umar Robinson,BlueOcean Inc,East,Enterprise,2024-09-09,2026-02-14,225092.26,40,3.3,22,No,
C0037,Alice Anderson,NexGen Systems,East,Enterprise,2022-09-22,2026-01-24,187713.6,51,4.9,47,No,
C0038,Umar Robinson,OmniCorp,South,Standard,2022-06-09,2023-10-21,202894.58,99,3.5,72,No,
C0039,Xena Thomas,BlueOcean Inc,South,Standard,2022-08-06,2025-03-27,216276.28,27,3.9,38,No,
C0040,Alice Wilson,GlobalRetail,South,Standard,2024-10-07,2024-03-03,109466.78,61,4.8,66,Yes,2026-02
C0041,Xena Smith,StarLink Technologies,North,Premium,2022-02-27,2022-11-02,37383.87,101,2.7,33,No,
C0042,Tina Smith,Acme Corp,North,Premium,2023-12-03,2024-03-16,191119.58,117,3.6,35,No,
C0043,Paula Garcia,NexGen Systems,North,Premium,2023-11-18,2023-01-27,15908.83,72,3.2,80,No,
C0044,Nina Garcia,Acme Corp,South,Enterprise,2023-07-05,2025-11-10,60341.68,115,4.2,29,No,
C0045,Diana Brown,TechVentures,East,Premium,2024-06-04,2025-02-02,153104.06,25,3.6,57,No,
C0046,Vera Thomas,GlobalRetail,East,Standard,2023-06-04,2025-08-22,95432.56,36,4.5,24,No,
C0047,Beth Garcia,DataBridge,South,Premium,2023-08-24,2026-01-04,146571.51,96,3.2,26,No,
C0048,Ethan Kim,PrimeSoft,East,Premium,2023-08-23,2026-05-26,160968.03,20,4.5,98,No,
C0049,Michael Thomas,OmniCorp,West,Premium,2023-09-18,2024-07-03,147336.16,56,3.8,43,No,
C0050,Hannah Anderson,Acme Corp,South,Standard,2022-06-18,2025-03-04,19596.46,47,3.4,32,No,
C0051,Ethan Martin,PrimeSoft,South,Premium,2022-01-24,2023-02-23,177470.9,51,4.3,69,No,
C0052,William Lee,DataBridge,Central,Enterprise,2024-03-01,2024-06-05,24353.36,12,2.5,68,No,
C0053,Fiona White,ClearPath,South,Standard,2024-05-16,2025-12-11,113773.54,85,4.2,51,Yes,2024-11
C0054,Bob Robinson,GlobalRetail,Central,Enterprise,2023-07-22,2026-05-23,208231.97,120,3.9,54,No,
C0055,Nina Kim,AlphaCo,North,Premium,2022-12-07,2025-10-02,58632.07,26,4.6,86,No,
C0056,Carlos Jackson,GreenField Ltd,East,Standard,2023-07-06,2023-06-21,108934.36,37,2.8,24,No,
C0057,Yusuf Martinez,Acme Corp,South,Premium,2024-02-03,2024-10-01,190347.75,42,3.0,40,No,
C0058,Bob Brown,AlphaCo,North,Standard,2024-01-19,2025-01-02,82072.17,42,2.5,60,No,
C0059,Michael Harris,NexGen Systems,East,Standard,2024-06-05,2026-01-11,104785.21,97,3.8,79,No,
C0060,Ethan Smith,StarLink Technologies,West,Premium,2022-05-06,2023-11-15,24294.45,83,2.7,44,No,
C0061,Zara Garcia,ClearPath,South,Standard,2024-09-24,2026-05-25,88646.75,103,2.8,52,No,
C0062,Beth Thomas,Acme Corp,West,Premium,2024-10-03,2024-10-21,248629.11,15,4.5,33,No,
C0063,Julia Martin,TechVentures,West,Enterprise,2023-03-10,2024-02-09,146245.35,48,2.7,37,No,
C0064,Oscar Davis,GreenField Ltd,East,Standard,2023-11-05,2023-10-16,14700.2,112,3.2,67,No,
C0065,Derek Garcia,GreenField Ltd,East,Premium,2024-06-12,2024-11-14,128955.9,36,4.7,20,No,
C0066,Umar Patel,ClearPath,South,Standard,2024-01-05,2024-05-13,43760.42,54,4.6,43,No,
C0067,Oscar Johnson,BlueOcean Inc,West,Premium,2024-08-04,2024-03-24,31545.34,53,4.4,40,No,
C0068,Carlos Martinez,BlueOcean Inc,Central,Premium,2024-12-16,2024-05-15,14379.17,22,4.9,33,No,
C0069,Kevin Thompson,Acme Corp,Central,Standard,2022-06-26,2025-08-07,18248.99,114,2.6,69,No,
C0070,Umar Kim,TechVentures,South,Enterprise,2023-02-10,2026-04-17,57455.7,117,3.1,21,No,
C0071,Chloe Thomas,BlueOcean Inc,East,Enterprise,2023-07-16,2026-05-23,197045.06,92,3.6,88,No,
C0072,Alice Martin,StarLink Technologies,South,Enterprise,2024-10-20,2024-06-22,246660.15,96,4.4,55,Yes,2025-03
C0073,Paula Martinez,TechVentures,West,Premium,2024-01-15,2024-11-15,161534.52,77,2.7,42,No,
C0074,George Thomas,ClearPath,Central,Standard,2024-07-07,2025-04-07,243077.4,76,4.9,62,No,
C0075,Alice Wilson,AlphaCo,Central,Standard,2022-12-16,2025-07-14,91173.6,109,3.9,81,No,
C0076,Kevin Lee,GlobalRetail,West,Premium,2022-09-20,2023-09-14,98483.01,111,4.1,70,No,
C0077,William Robinson,TechVentures,North,Standard,2022-02-21,2022-10-14,30400.45,98,4.4,84,Yes,2025-09
C0078,Steve Patel,DataBridge,East,Standard,2022-04-25,2025-09-13,33052.77,112,3.7,30,No,
C0079,Zara Jackson,PrimeSoft,West,Enterprise,2023-04-17,2025-05-22,69802.27,110,4.8,68,No,
C0080,Alice Thomas,Acme Corp,North,Enterprise,2023-09-27,2025-06-06,239994.35,58,3.1,65,No,
C0081,Umar Taylor,Acme Corp,Central,Premium,2024-07-24,2024-07-11,131732.88,58,3.1,31,No,
C0082,Umar Thompson,PrimeSoft,East,Standard,2022-06-07,2022-02-01,112168.15,83,4.4,34,Yes,2026-05
C0083,Derek Johnson,StarLink Technologies,West,Enterprise,2024-03-15,2026-03-06,63731.86,117,3.1,39,No,
C0084,Hannah Taylor,AlphaCo,North,Premium,2022-11-01,2026-01-04,117486.29,79,2.8,33,No,
C0085,Chloe Kim,TechVentures,North,Premium,2023-04-13,2023-08-26,10379.46,12,3.7,95,Yes,2026-04
C0086,Michael Martinez,DataBridge,West,Standard,2022-05-01,2023-11-19,159647.28,112,2.6,58,No,
C0087,Paula Robinson,StarLink Technologies,Central,Enterprise,2024-12-09,2024-04-20,12241.03,5,3.8,34,No,
C0088,Laura Lee,NexGen Systems,North,Premium,2022-02-24,2023-05-09,122985.84,14,3.4,85,No,
C0089,Oscar White,PrimeSoft,Central,Standard,2022-05-06,2023-11-28,222392.15,38,4.9,28,No,
C0090,Yusuf Thompson,AlphaCo,South,Standard,2024-08-14,2025-07-20,188034.42,107,3.3,28,No,
C0091,Nina Nguyen,StarLink Technologies,East,Premium,2024-02-15,2024-01-17,67000.6,55,3.2,97,No,
C0092,Quinn Anderson,PrimeSoft,North,Enterprise,2023-07-26,2024-06-08,22796.88,87,3.4,33,No,
C0093,Diana Smith,BlueOcean Inc,North,Standard,2022-08-19,2024-04-18,21227.61,39,4.0,82,No,
C0094,Rachel Davis,ClearPath,Central,Standard,2024-02-19,2026-04-22,190269.29,43,4.5,40,Yes,2025-08
C0095,Bob Davis,PrimeSoft,North,Enterprise,2022-10-11,2026-04-08,146221.39,39,2.5,88,No,
C0096,Derek Jackson,AlphaCo,South,Standard,2023-01-18,2023-06-21,8986.71,63,2.7,68,No,
C0097,Ivan Martinez,BlueOcean Inc,West,Enterprise,2023-08-20,2023-07-10,175631.95,61,3.7,97,No,
C0098,Diana Anderson,StarLink Technologies,North,Enterprise,2022-01-05,2022-06-28,173461.73,58,3.1,26,No,
C0099,Chloe Anderson,OmniCorp,North,Standard,2022-05-26,2022-02-02,237050.49,12,3.2,93,No,
C0100,Michael Davis,ClearPath,South,Standard,2024-08-04,2024-06-28,41260.36,77,4.7,67,No,
C0101,Vera Lee,OmniCorp,Central,Premium,2023-11-16,2025-06-25,184061.82,31,2.7,52,No,
C0102,Laura Martin,NexGen Systems,South,Standard,2022-08-02,2023-01-22,57953.19,107,3.5,77,Yes,2024-10
C0103,Yusuf Harris,OmniCorp,East,Standard,2023-12-15,2024-09-04,228960.69,31,4.8,64,No,
C0104,Beth Robinson,OmniCorp,South,Standard,2022-02-09,2025-03-22,80250.96,114,3.9,28,Yes,2024-12
C0105,Diana Brown,Acme Corp,West,Enterprise,2022-08-22,2026-04-12,70066.79,73,2.7,70,No,
C0106,Michael Harris,PrimeSoft,Central,Premium,2023-05-12,2023-01-21,98718.02,57,3.0,39,No,
C0107,Tina Davis,OmniCorp,Central,Premium,2023-02-22,2023-11-08,239948.07,31,2.8,19,No,
C0108,Hannah Johnson,OmniCorp,North,Premium,2024-12-23,2025-07-13,29819.55,96,4.6,49,No,
C0109,Fiona Nguyen,BlueOcean Inc,East,Standard,2023-12-01,2023-03-17,227406.7,82,3.7,54,No,
C0110,William Brown,GlobalRetail,East,Standard,2022-03-11,2025-03-01,168177.69,57,3.3,37,No,
C0111,Chloe Johnson,GlobalRetail,North,Standard,2023-10-01,2026-02-16,31799.57,107,2.5,52,No,
C0112,Quinn Harris,GlobalRetail,South,Standard,2022-05-26,2024-08-16,185029.68,72,3.1,77,No,
C0113,Oscar Smith,BlueOcean Inc,East,Standard,2024-11-28,2026-04-04,71134.67,69,4.3,17,Yes,2025-04
C0114,Vera Garcia,BlueOcean Inc,West,Enterprise,2024-12-23,2025-06-07,187369.45,27,4.8,63,No,
C0115,Ivan Martin,GreenField Ltd,Central,Enterprise,2024-06-11,2025-10-14,236590.29,38,3.3,20,No,
C0116,William Martinez,StarLink Technologies,North,Premium,2023-10-26,2025-05-04,242520.12,66,4.8,33,No,
C0117,Ethan Harris,AlphaCo,Central,Standard,2022-05-16,2024-02-26,77208.05,61,2.6,51,No,
C0118,Diana Patel,GreenField Ltd,East,Enterprise,2023-11-27,2023-01-09,38741.1,115,3.2,79,No,
C0119,Yusuf Martin,GlobalRetail,North,Standard,2022-12-07,2025-10-03,76246.5,7,3.7,60,No,
C0120,Vera Taylor,PrimeSoft,West,Standard,2022-05-10,2026-03-06,143157.36,89,4.7,89,Yes,2024-05
C0121,Ethan Thomas,OmniCorp,South,Premium,2022-05-19,2025-09-06,97111.66,115,4.6,27,No,
C0122,Oscar Martinez,OmniCorp,East,Premium,2023-08-14,2026-04-01,228576.78,6,4.9,68,Yes,2026-05
C0123,Ethan Robinson,AlphaCo,South,Standard,2023-03-20,2025-01-25,212051.3,19,3.5,15,No,
C0124,Yusuf Harris,GreenField Ltd,North,Enterprise,2023-11-04,2025-10-04,206375.33,75,3.7,57,No,
C0125,Diana Thompson,DataBridge,Central,Standard,2022-12-07,2026-02-18,186403.91,66,2.8,96,No,
C0126,Julia Wilson,ClearPath,North,Standard,2024-12-07,2024-02-01,42490.41,115,2.8,27,No,
C0127,Diana White,Acme Corp,Central,Premium,2022-02-10,2025-08-06,205966.38,110,4.6,48,No,
C0128,Vera Jackson,DataBridge,Central,Enterprise,2022-11-01,2023-03-27,187426.63,33,2.9,84,No,
C0129,Paula Wilson,AlphaCo,North,Standard,2023-06-22,2025-07-13,175924.91,16,3.7,69,Yes,2025-08
C0130,Diana Thompson,PrimeSoft,North,Standard,2022-11-21,2026-04-02,227486.54,48,4.9,74,No,
C0131,Oscar Davis,Acme Corp,South,Premium,2024-04-12,2026-05-13,130696.06,25,4.1,60,No,
C0132,Steve Martinez,GreenField Ltd,South,Premium,2024-05-13,2024-11-16,97248.07,63,4.0,38,No,
C0133,Derek Harris,DataBridge,Central,Premium,2024-06-19,2026-03-19,156281.38,54,2.7,18,No,
C0134,Fiona Brown,TechVentures,North,Premium,2024-08-11,2024-12-26,62971.21,118,4.7,64,No,
C0135,Nina Johnson,Acme Corp,Central,Premium,2022-12-03,2025-06-20,159667.04,6,4.8,56,No,
C0136,Oscar Taylor,GlobalRetail,Central,Standard,2022-05-16,2025-11-10,60246.65,97,2.9,82,No,
C0137,George Johnson,StarLink Technologies,North,Standard,2024-02-07,2024-03-01,93092.45,55,3.9,24,No,
C0138,Vera Harris,GreenField Ltd,South,Standard,2024-08-17,2025-06-20,225440.16,112,2.8,23,No,
C0139,Umar Taylor,TechVentures,Central,Enterprise,2024-05-04,2024-08-08,17612.36,72,3.3,43,No,
C0140,Julia Davis,PrimeSoft,East,Enterprise,2022-05-03,2026-05-08,214032.83,81,3.8,66,No,
C0141,Rachel Lee,StarLink Technologies,West,Standard,2023-11-01,2023-06-14,68915.87,45,4.7,22,Yes,2026-03
C0142,Derek Patel,NexGen Systems,West,Enterprise,2024-10-23,2024-06-03,237727.41,79,4.3,25,No,
C0143,Paula Garcia,AlphaCo,North,Enterprise,2023-09-08,2025-07-16,79337.5,111,4.7,44,Yes,2024-01
C0144,Yusuf Nguyen,OmniCorp,Central,Standard,2024-11-24,2024-09-16,17774.4,101,3.4,31,No,
C0145,Nina Martin,GlobalRetail,North,Premium,2024-06-12,2024-06-14,229926.8,33,3.1,90,Yes,2025-12
C0146,Yusuf Martin,StarLink Technologies,North,Standard,2022-12-08,2022-02-02,36045.39,26,3.2,55,No,
C0147,Umar Brown,AlphaCo,South,Standard,2023-11-04,2023-02-09,234900.68,29,3.7,60,No,
C0148,Beth Brown,GreenField Ltd,East,Standard,2024-05-28,2026-02-17,223779.73,43,4.2,79,Yes,2025-07
C0149,William Robinson,GreenField Ltd,East,Enterprise,2022-09-08,2024-12-18,56638.56,50,4.3,33,Yes,2024-12
C0150,Oscar Jackson,TechVentures,North,Premium,2022-05-09,2026-04-10,207658.82,13,2.6,93,No,
C0151,Alice Taylor,PrimeSoft,West,Enterprise,2022-07-06,2025-09-02,166798.6,7,3.9,59,No,
C0152,Derek Robinson,BlueOcean Inc,East,Standard,2024-04-25,2024-06-24,208163.67,58,4.7,22,No,
C0153,Rachel Taylor,ClearPath,East,Standard,2024-08-14,2026-05-25,132133.65,23,4.9,74,No,
C0154,Derek Brown,GlobalRetail,North,Premium,2024-05-03,2024-09-10,87695.43,53,2.6,50,No,
C0155,Vera Davis,DataBridge,Central,Enterprise,2023-10-22,2025-05-28,48802.18,62,2.5,16,No,
C0156,Laura White,DataBridge,Central,Premium,2022-10-03,2024-10-18,81936.5,11,3.6,48,No,
C0157,Ivan Davis,GreenField Ltd,South,Premium,2022-03-28,2026-01-08,33039.41,7,3.0,79,No,
C0158,Steve Martinez,Acme Corp,Central,Standard,2022-12-09,2024-01-22,212008.07,111,3.4,20,No,
C0159,Laura Lee,TechVentures,Central,Premium,2024-02-08,2024-06-19,95983.04,108,4.2,24,No,
C0160,Chloe Wilson,GlobalRetail,North,Premium,2023-06-14,2025-08-10,157369.51,23,3.4,52,No,
C0161,Derek Thompson,Acme Corp,North,Standard,2023-09-23,2025-04-13,208528.06,7,4.1,34,No,
C0162,Umar Johnson,TechVentures,South,Standard,2024-11-18,2026-04-18,184596.19,111,4.7,21,No,
C0163,Vera Harris,OmniCorp,West,Premium,2022-10-10,2023-06-08,200756.46,49,3.1,55,No,
C0164,Diana Brown,GreenField Ltd,West,Premium,2023-09-17,2023-06-21,123617.86,32,3.6,68,No,
C0165,Aaron Garcia,OmniCorp,South,Standard,2023-11-19,2024-10-09,199984.71,46,3.3,25,No,
C0166,Quinn Garcia,StarLink Technologies,West,Standard,2022-03-15,2022-03-04,107563.27,100,3.9,75,No,
C0167,Ethan Patel,PrimeSoft,North,Standard,2022-03-17,2026-04-14,91820.1,54,4.2,45,No,
C0168,Diana Martinez,BlueOcean Inc,Central,Standard,2022-12-02,2022-12-12,237730.17,119,3.5,72,No,
C0169,Nina Wilson,GreenField Ltd,South,Standard,2024-10-27,2026-01-05,224421.8,78,4.0,98,No,
C0170,Kevin Jackson,GlobalRetail,Central,Standard,2023-02-08,2025-08-11,16830.55,69,4.7,89,No,
C0171,Derek Thomas,AlphaCo,East,Premium,2022-03-02,2023-07-17,73172.78,115,4.0,27,No,
C0172,Fiona Lee,AlphaCo,East,Premium,2022-03-10,2024-10-25,30999.27,32,4.2,33,Yes,2026-05
C0173,Rachel Harris,GlobalRetail,North,Standard,2022-09-18,2023-01-16,208963.6,6,3.4,51,No,
C0174,Steve Thomas,ClearPath,West,Premium,2023-05-04,2023-08-14,125847.61,14,4.7,50,No,
C0175,Diana Anderson,TechVentures,South,Standard,2023-03-17,2025-05-15,159502.87,68,4.2,24,No,
C0176,Kevin Patel,PrimeSoft,North,Standard,2024-06-07,2026-01-21,158684.84,34,2.8,63,No,
C0177,Hannah Nguyen,AlphaCo,West,Enterprise,2022-12-16,2024-03-07,160519.32,14,4.9,42,Yes,2024-08
C0178,Rachel Robinson,NexGen Systems,South,Enterprise,2024-05-20,2025-11-19,62505.37,47,3.7,99,No,
C0179,Chloe Wilson,NexGen Systems,East,Standard,2023-11-13,2025-09-16,77377.22,31,2.8,51,No,
C0180,Oscar Martinez,NexGen Systems,West,Enterprise,2023-06-22,2023-06-23,102531.88,19,4.4,76,No,
C0181,Beth White,StarLink Technologies,West,Standard,2022-05-09,2026-02-28,196792.83,10,3.9,56,No,
C0182,Kevin Thomas,PrimeSoft,West,Premium,2023-01-09,2026-02-11,160885.22,8,3.3,67,No,
C0183,Chloe Kim,OmniCorp,South,Standard,2022-10-20,2024-03-20,137242.99,95,2.6,63,Yes,2026-03
C0184,Derek Anderson,OmniCorp,North,Standard,2024-04-12,2026-02-06,210346.52,53,4.6,44,No,
C0185,Fiona Anderson,BlueOcean Inc,West,Premium,2024-04-01,2024-01-25,235387.02,16,3.8,77,Yes,2025-05
C0186,Alice Brown,DataBridge,South,Enterprise,2024-02-27,2025-11-13,37142.33,97,4.7,25,No,
C0187,Quinn Thomas,Acme Corp,North,Standard,2024-10-05,2024-12-19,199191.9,27,4.6,54,No,
C0188,Nina Harris,ClearPath,North,Premium,2023-04-04,2025-11-19,120493.09,40,3.6,43,No,
C0189,Rachel Davis,GreenField Ltd,East,Standard,2024-09-08,2025-01-16,183251.58,50,4.4,28,No,
C0190,Steve Smith,PrimeSoft,South,Premium,2023-10-04,2025-06-05,203371.79,13,2.7,36,No,
C0191,Paula Thompson,NexGen Systems,North,Enterprise,2024-08-17,2026-05-25,61945.29,101,3.7,67,No,
C0192,Kevin Garcia,Acme Corp,East,Standard,2024-07-28,2024-05-23,56259.92,74,4.5,84,No,
C0193,Umar Brown,BlueOcean Inc,West,Standard,2024-09-28,2026-01-04,109297.0,12,3.4,16,No,
C0194,Xena Lee,GlobalRetail,South,Premium,2022-01-14,2025-03-21,201772.64,65,2.8,85,No,
C0195,Alice Wilson,TechVentures,West,Standard,2024-11-09,2026-03-20,222938.55,75,4.1,33,No,
C0196,Vera Nguyen,StarLink Technologies,East,Premium,2023-08-15,2024-06-24,181431.91,112,4.8,36,No,
C0197,Aaron White,Acme Corp,East,Premium,2022-08-03,2022-05-23,50980.23,91,2.7,73,No,
C0198,Bob Robinson,GreenField Ltd,Central,Enterprise,2023-11-18,2024-06-21,8461.72,27,3.2,69,No,
C0199,Julia Anderson,StarLink Technologies,West,Standard,2024-09-21,2026-02-03,150196.59,16,4.3,50,No,
C0200,Steve Lee,GlobalRetail,Central,Standard,2023-06-19,2025-12-28,155892.36,119,3.7,36,Yes,2024-04
C0201,Carlos Robinson,GlobalRetail,South,Enterprise,2022-06-03,2022-03-17,202772.42,57,4.2,56,No,
C0202,Yusuf Lee,NexGen Systems,Central,Premium,2023-12-16,2025-05-27,132886.5,70,2.7,92,No,
C0203,Fiona Davis,ClearPath,South,Standard,2024-08-16,2026-03-22,34458.75,118,3.6,59,No,
C0204,Beth Anderson,GreenField Ltd,East,Standard,2022-10-18,2023-07-12,48856.37,98,5.0,40,No,
C0205,Quinn Nguyen,Acme Corp,Central,Premium,2022-06-09,2026-01-20,71891.82,85,3.2,76,No,
C0206,William Davis,AlphaCo,North,Standard,2022-12-16,2026-04-16,47573.89,98,4.7,84,No,
C0207,Bob Anderson,Acme Corp,Central,Standard,2022-12-24,2023-03-03,107795.28,111,2.8,71,No,
C0208,Bob Martinez,TechVentures,Central,Premium,2022-11-20,2022-06-27,169637.78,118,3.3,36,No,
C0209,Steve Anderson,OmniCorp,North,Standard,2023-07-27,2023-02-07,207136.65,67,2.9,49,Yes,2025-01
C0210,Ivan Robinson,NexGen Systems,Central,Premium,2024-12-27,2024-05-09,142337.05,18,3.4,87,No,
C0211,Carlos Thompson,GreenField Ltd,North,Enterprise,2022-03-24,2022-03-11,149831.39,5,4.4,16,No,
C0212,Laura Jackson,TechVentures,South,Premium,2024-11-28,2024-12-25,185837.06,42,2.6,51,No,
C0213,Ethan Thompson,BlueOcean Inc,West,Premium,2022-05-07,2023-05-09,175901.75,36,2.7,60,No,
C0214,Laura Harris,GreenField Ltd,South,Enterprise,2024-07-05,2026-05-07,248470.13,58,3.4,51,No,
C0215,William Harris,OmniCorp,East,Enterprise,2022-05-07,2025-05-02,230870.25,69,4.1,38,No,
C0216,Oscar Thompson,BlueOcean Inc,East,Standard,2024-10-02,2025-12-04,159220.66,114,4.8,35,No,
C0217,Kevin Martinez,DataBridge,North,Enterprise,2023-05-06,2026-05-06,189251.07,59,4.5,73,No,
C0218,William Thomas,ClearPath,West,Premium,2022-05-24,2024-10-11,123226.61,54,3.3,44,No,
C0219,Chloe Harris,TechVentures,West,Premium,2023-10-13,2023-03-17,45764.26,41,4.7,82,No,
C0220,Steve Garcia,GlobalRetail,East,Standard,2022-02-10,2023-06-15,102018.5,61,2.5,33,Yes,2024-05
C0221,Julia Johnson,GlobalRetail,South,Standard,2023-02-24,2024-03-22,141060.32,102,3.4,76,Yes,2024-08
C0222,Rachel Taylor,ClearPath,South,Standard,2024-07-27,2025-12-08,191948.76,15,3.5,55,No,
C0223,Ethan Taylor,BlueOcean Inc,East,Standard,2024-07-20,2025-09-03,89982.46,88,4.4,90,Yes,2026-02
C0224,Yusuf Brown,BlueOcean Inc,East,Premium,2022-10-20,2025-02-21,61368.0,66,3.0,42,No,
C0225,Carlos Martinez,PrimeSoft,South,Premium,2023-05-13,2026-01-09,239835.62,56,2.9,65,No,
C0226,Aaron Lee,GreenField Ltd,North,Premium,2024-02-21,2025-01-06,83161.32,76,3.8,73,Yes,2026-04
C0227,Nina Patel,AlphaCo,West,Premium,2024-02-20,2025-09-12,196345.87,94,3.3,83,No,
C0228,Diana Kim,PrimeSoft,Central,Standard,2024-02-05,2024-06-23,149587.49,28,3.8,93,No,
C0229,Oscar Thomas,Acme Corp,West,Premium,2022-08-15,2024-01-20,173164.97,35,3.6,52,No,
C0230,Alice Martin,AlphaCo,South,Premium,2023-01-15,2025-05-21,13725.69,17,3.4,19,No,
C0231,Michael Brown,GlobalRetail,North,Premium,2022-12-05,2025-07-09,89619.64,61,4.2,46,No,
C0232,Chloe Harris,StarLink Technologies,West,Enterprise,2023-06-02,2024-10-24,161264.55,115,2.8,80,No,
C0233,Carlos Martinez,DataBridge,East,Premium,2022-03-24,2024-12-21,186957.8,13,4.6,70,No,
C0234,Zara Nguyen,StarLink Technologies,East,Standard,2024-09-18,2024-12-26,16963.65,76,3.7,70,No,
C0235,William Kim,AlphaCo,Central,Standard,2024-07-06,2026-03-09,6237.51,29,2.5,68,No,
C0236,Ivan Davis,GreenField Ltd,Central,Standard,2024-06-04,2024-04-01,178707.08,31,2.7,51,No,
C0237,Tina Jackson,StarLink Technologies,West,Standard,2023-09-13,2026-05-01,89022.93,43,3.4,71,Yes,2026-04
C0238,George Martin,ClearPath,South,Standard,2023-07-02,2023-11-16,142524.81,47,2.7,82,No,
C0239,Julia Martinez,GreenField Ltd,West,Enterprise,2024-10-06,2026-03-19,110725.04,100,2.6,51,No,
C0240,Paula Brown,PrimeSoft,Central,Enterprise,2024-02-04,2025-04-07,248072.07,76,3.2,35,No,
C0241,Xena Taylor,OmniCorp,West,Premium,2022-07-20,2024-06-25,93977.8,16,4.2,96,No,
C0242,Kevin Harris,OmniCorp,Central,Premium,2023-08-25,2026-03-27,231514.83,23,4.8,37,No,
C0243,Alice Martin,BlueOcean Inc,West,Standard,2024-02-13,2026-04-14,105521.98,84,2.6,43,Yes,2026-05
C0244,Carlos Robinson,StarLink Technologies,West,Standard,2023-10-08,2024-10-21,120618.82,14,4.9,17,No,
C0245,Chloe Taylor,OmniCorp,Central,Standard,2022-08-12,2023-03-16,234599.52,120,3.0,31,No,
C0246,Chloe Smith,NexGen Systems,Central,Premium,2022-11-20,2025-04-26,48335.08,62,3.8,29,No,
C0247,Aaron Martinez,GlobalRetail,South,Premium,2022-01-24,2022-11-22,104554.94,69,5.0,64,Yes,2025-05
C0248,Chloe Martin,TechVentures,Central,Standard,2024-12-01,2025-08-27,182877.78,40,4.5,20,No,
C0249,William Harris,DataBridge,West,Premium,2022-02-05,2024-10-25,198946.54,95,2.9,67,No,
C0250,Ethan Brown,GreenField Ltd,South,Premium,2023-11-23,2023-08-23,125436.35,34,4.4,58,No,
C0251,Oscar Martinez,GreenField Ltd,East,Standard,2024-01-25,2024-03-17,75665.46,31,4.7,87,No,
C0252,Julia Wilson,ClearPath,South,Standard,2023-08-23,2026-03-05,187214.63,91,2.8,92,No,
C0253,Michael Davis,DataBridge,South,Enterprise,2022-10-10,2023-10-01,68558.19,95,3.8,81,No,
C0254,Tina Kim,BlueOcean Inc,South,Standard,2024-06-17,2025-07-28,231890.16,85,2.9,82,No,
C0255,Paula Taylor,Acme Corp,North,Premium,2023-04-08,2024-05-20,195613.52,104,2.8,40,No,
C0256,Oscar Thompson,DataBridge,North,Standard,2024-04-24,2024-06-22,13045.93,83,2.7,57,No,
C0257,Ivan Martin,OmniCorp,Central,Standard,2022-08-19,2026-02-08,67737.66,97,3.0,98,No,
C0258,Hannah Jackson,GlobalRetail,North,Standard,2023-09-09,2023-12-07,184667.63,120,2.7,31,No,
C0259,Bob Nguyen,NexGen Systems,South,Standard,2024-08-15,2024-09-26,17515.29,104,4.1,40,No,
C0260,Oscar Johnson,GreenField Ltd,South,Enterprise,2024-04-20,2025-05-19,7352.61,58,4.7,29,No,
C0261,Oscar Nguyen,StarLink Technologies,Central,Standard,2022-05-25,2025-10-09,125688.26,25,3.3,76,No,
C0262,Umar Wilson,AlphaCo,Central,Premium,2023-11-18,2025-11-15,32310.16,99,4.9,77,Yes,2026-04
C0263,Paula Kim,GlobalRetail,North,Standard,2024-05-04,2025-06-21,173304.94,108,3.0,28,No,
C0264,George Wilson,OmniCorp,East,Premium,2024-08-04,2026-03-20,56521.52,89,2.9,35,Yes,2026-05
C0265,Michael Kim,GlobalRetail,Central,Standard,2023-09-16,2026-03-08,233546.67,63,4.8,53,No,
C0266,Julia Martinez,ClearPath,East,Standard,2023-08-10,2026-05-13,191860.34,3,4.4,66,Yes,2025-06
C0267,Umar Garcia,GreenField Ltd,East,Enterprise,2024-04-07,2026-03-10,208975.18,6,3.3,63,No,
C0268,Rachel Nguyen,NexGen Systems,Central,Premium,2023-02-03,2024-03-11,182098.04,95,4.0,20,No,
C0269,Michael White,NexGen Systems,East,Standard,2024-07-02,2024-01-21,88959.52,71,3.4,51,Yes,2024-12
C0270,Carlos Martinez,ClearPath,West,Standard,2022-10-10,2026-02-18,26561.26,34,3.3,84,No,
C0271,Ivan Martin,OmniCorp,East,Standard,2022-02-28,2024-06-25,114230.89,116,3.0,56,No,
C0272,Oscar Anderson,BlueOcean Inc,South,Standard,2024-05-09,2026-01-05,34201.66,55,3.6,77,No,
C0273,Aaron Harris,Acme Corp,Central,Premium,2024-07-02,2026-03-26,137008.3,39,3.9,96,Yes,2024-10
C0274,Carlos Martin,TechVentures,Central,Enterprise,2024-02-19,2025-10-21,248272.68,99,2.7,70,No,
C0275,Oscar Jackson,ClearPath,South,Standard,2022-03-21,2026-03-15,134289.92,91,4.3,70,No,
C0276,Michael Thompson,AlphaCo,North,Standard,2023-01-01,2024-06-14,41871.26,112,3.1,56,No,
C0277,Umar Nguyen,StarLink Technologies,East,Standard,2024-10-05,2024-03-07,80578.01,15,2.6,92,No,
C0278,Bob Garcia,OmniCorp,East,Standard,2023-06-08,2024-04-10,45005.78,37,3.1,42,No,
C0279,Alice Garcia,GreenField Ltd,North,Standard,2023-01-15,2024-07-02,114469.03,54,3.0,63,No,
C0280,Diana Johnson,GlobalRetail,Central,Standard,2024-09-04,2024-04-04,235470.46,97,4.0,55,No,
C0281,George Johnson,OmniCorp,East,Premium,2024-02-15,2024-01-13,201835.86,54,4.9,27,No,
C0282,Julia Johnson,PrimeSoft,East,Premium,2024-02-21,2026-04-16,8883.26,38,4.3,56,Yes,2026-05
C0283,Beth Brown,GlobalRetail,Central,Enterprise,2024-03-05,2026-04-25,14552.75,79,4.5,99,No,
C0284,Tina Thomas,GlobalRetail,West,Enterprise,2024-03-24,2026-02-12,220373.97,17,4.5,18,No,
C0285,Julia Taylor,DataBridge,East,Standard,2023-10-11,2023-01-11,11981.74,63,2.6,33,No,
C0286,Bob Martin,PrimeSoft,Central,Standard,2022-03-04,2022-06-08,27570.36,11,2.8,75,No,
C0287,Nina Martin,GreenField Ltd,South,Standard,2024-01-10,2025-08-09,36408.66,87,3.8,93,No,
C0288,Diana White,GreenField Ltd,Central,Enterprise,2022-09-05,2023-04-22,25136.3,15,4.3,51,No,
C0289,Diana Brown,NexGen Systems,East,Enterprise,2024-05-11,2026-04-22,149742.24,69,3.9,49,No,
C0290,Ethan Martinez,PrimeSoft,East,Standard,2024-12-28,2024-12-26,99332.35,9,4.5,38,Yes,2026-01
C0291,Aaron Brown,GlobalRetail,West,Premium,2024-08-16,2025-04-21,218033.83,76,3.5,42,No,
C0292,Ivan Martin,GreenField Ltd,North,Standard,2024-09-11,2025-03-09,88540.83,114,3.7,85,No,
C0293,Diana Martinez,OmniCorp,East,Enterprise,2023-07-21,2023-09-05,28172.96,61,4.6,30,No,
C0294,Julia Garcia,BlueOcean Inc,East,Premium,2024-02-28,2026-02-13,205906.52,116,5.0,39,Yes,2026-05
C0295,Vera Brown,Acme Corp,South,Standard,2023-09-20,2024-10-28,134987.58,9,4.5,61,No,
C0296,William Harris,GlobalRetail,East,Enterprise,2024-03-21,2026-05-08,211593.5,99,4.3,84,No,
C0297,Tina Thomas,NexGen Systems,East,Enterprise,2023-05-13,2026-04-15,83870.71,95,4.8,15,No,
C0298,William Martin,DataBridge,East,Premium,2024-10-20,2024-01-25,105542.0,21,3.7,35,No,
C0299,Zara Brown,PrimeSoft,South,Standard,2023-10-07,2024-06-03,60444.74,38,2.9,66,Yes,2026-05
C0300,Vera Garcia,NexGen Systems,West,Enterprise,2023-06-01,2023-09-10,133439.03,101,4.1,75,No,
C0301,Oscar Wilson,TechVentures,Central,Standard,2023-03-03,2025-05-02,98467.92,117,3.1,95,No,
C0302,Steve Kim,ClearPath,West,Standard,2022-09-04,2022-12-20,240134.94,113,3.4,100,No,
C0303,William Thomas,PrimeSoft,North,Standard,2023-12-24,2025-05-21,129416.77,56,4.2,47,No,
C0304,Carlos Smith,TechVentures,West,Premium,2023-04-19,2026-03-04,249339.12,108,4.3,86,No,
C0305,Steve Taylor,StarLink Technologies,Central,Standard,2024-07-02,2026-01-19,210360.38,85,4.9,88,Yes,2024-06
C0306,Steve Robinson,PrimeSoft,West,Standard,2022-06-21,2025-08-19,216535.76,7,4.9,95,No,
C0307,Nina Smith,NexGen Systems,Central,Enterprise,2024-06-04,2025-07-26,11951.77,61,4.6,47,No,
C0308,Vera Anderson,BlueOcean Inc,South,Premium,2022-06-15,2024-03-07,141827.05,113,3.9,56,No,
C0309,Yusuf Anderson,GlobalRetail,West,Standard,2023-06-20,2024-06-27,79929.62,120,4.3,96,No,
C0310,Tina White,DataBridge,South,Standard,2022-05-28,2025-06-11,202444.89,117,3.4,35,No,
C0311,Kevin Smith,TechVentures,South,Standard,2024-12-21,2026-03-25,142180.71,25,3.5,24,No,
C0312,Carlos Robinson,DataBridge,West,Standard,2022-12-11,2026-03-13,37592.91,52,2.8,52,No,
C0313,Carlos Martinez,NexGen Systems,West,Standard,2022-09-05,2024-01-16,59994.81,91,5.0,46,No,
C0314,Oscar Nguyen,GlobalRetail,North,Premium,2022-10-16,2025-07-18,140050.41,75,3.0,38,No,
C0315,Steve Taylor,DataBridge,Central,Standard,2023-12-09,2025-05-14,95705.98,118,4.8,45,No,
C0316,Laura Johnson,ClearPath,South,Premium,2024-04-26,2026-05-05,28672.25,120,4.5,79,No,
C0317,Rachel Martinez,TechVentures,Central,Premium,2023-12-23,2024-08-09,145693.49,9,3.7,71,No,
C0318,Nina Johnson,GlobalRetail,North,Standard,2024-11-02,2025-08-28,178045.71,11,4.2,23,No,
C0319,Ivan Thompson,AlphaCo,North,Standard,2023-07-23,2024-07-07,167141.2,42,3.8,53,No,
C0320,Steve Harris,PrimeSoft,South,Standard,2024-10-11,2024-10-02,179467.86,48,4.0,24,No,
C0321,Quinn Thomas,ClearPath,South,Standard,2022-10-25,2023-03-01,164104.72,66,4.3,57,Yes,2025-10
C0322,William Taylor,PrimeSoft,West,Standard,2022-06-06,2022-05-12,48465.68,58,4.7,78,Yes,2025-07
C0323,George Brown,BlueOcean Inc,North,Premium,2022-09-09,2022-10-02,245592.48,10,4.2,27,No,
C0324,Quinn Smith,Acme Corp,East,Premium,2022-10-19,2024-02-06,51178.11,82,3.7,83,Yes,2026-05
C0325,Laura Lee,DataBridge,South,Standard,2024-03-15,2026-02-17,41468.19,107,3.6,94,Yes,2026-01
C0326,Zara Wilson,AlphaCo,North,Premium,2022-10-17,2023-02-16,52324.13,22,5.0,58,No,
C0327,Derek Martin,PrimeSoft,West,Standard,2024-09-03,2025-04-12,39638.44,107,3.7,66,Yes,2024-08
C0328,Zara Thompson,TechVentures,Central,Enterprise,2024-06-17,2026-05-23,135321.79,53,4.4,97,No,
C0329,Kevin Garcia,GreenField Ltd,South,Premium,2024-07-13,2025-07-03,125164.01,65,2.8,86,No,
C0330,Michael Wilson,GreenField Ltd,East,Standard,2024-01-17,2024-04-03,80244.36,78,4.4,88,No,
C0331,Umar Martinez,ClearPath,North,Premium,2022-05-13,2023-06-18,17846.64,108,4.2,70,No,
C0332,Quinn Kim,OmniCorp,East,Standard,2022-04-04,2025-03-08,179540.59,12,4.3,78,Yes,2026-05
C0333,Alice Patel,PrimeSoft,South,Standard,2022-05-01,2023-11-27,229235.02,45,5.0,64,No,
C0334,Laura Taylor,Acme Corp,South,Enterprise,2022-10-22,2024-07-22,144782.23,113,4.8,54,No,
C0335,Chloe Davis,PrimeSoft,North,Premium,2023-07-09,2024-08-09,152031.76,83,4.2,20,No,
C0336,Oscar Garcia,DataBridge,South,Enterprise,2022-02-06,2025-02-06,136550.23,24,4.9,47,No,
C0337,William Taylor,AlphaCo,Central,Premium,2024-05-04,2024-07-27,221971.91,28,4.9,86,No,
C0338,George Garcia,OmniCorp,North,Premium,2022-02-08,2022-07-06,25483.97,91,4.5,45,No,
C0339,Laura Jackson,ClearPath,South,Premium,2022-11-17,2023-04-24,82890.72,75,2.5,34,No,
C0340,Ivan Kim,BlueOcean Inc,West,Premium,2024-01-13,2025-03-10,128870.68,31,3.0,39,No,
C0341,Xena Jackson,Acme Corp,West,Enterprise,2022-10-17,2024-09-06,40124.05,43,2.6,23,No,
C0342,Rachel Smith,StarLink Technologies,South,Standard,2023-06-02,2024-02-22,62247.18,51,2.5,22,No,
C0343,Yusuf Thompson,TechVentures,South,Standard,2022-10-18,2022-01-21,206879.61,63,4.8,97,No,
C0344,Vera Robinson,PrimeSoft,West,Standard,2022-11-16,2026-03-12,245132.12,84,3.6,34,No,
C0345,Chloe Anderson,NexGen Systems,South,Premium,2024-03-13,2025-03-12,186301.37,58,4.5,33,Yes,2025-12
C0346,Chloe Martin,NexGen Systems,West,Enterprise,2024-06-07,2025-07-14,117842.48,60,3.6,64,No,
C0347,Kevin Martinez,DataBridge,West,Enterprise,2024-04-08,2024-12-07,144254.72,114,4.3,94,No,
C0348,Oscar Martin,PrimeSoft,East,Standard,2022-07-05,2025-02-18,164798.17,41,4.8,94,No,
C0349,George Nguyen,BlueOcean Inc,Central,Standard,2024-07-17,2025-03-15,10839.67,29,3.5,100,Yes,2026-05
C0350,Yusuf Garcia,DataBridge,West,Standard,2022-03-14,2024-08-08,217667.37,19,4.4,77,No,
C0351,Derek Robinson,OmniCorp,North,Standard,2022-02-01,2022-01-11,213887.23,43,4.8,60,No,
C0352,Ethan Nguyen,AlphaCo,North,Premium,2023-10-27,2026-04-11,177382.79,40,3.3,86,No,
C0353,Chloe Garcia,GlobalRetail,West,Enterprise,2024-07-06,2026-05-21,120044.08,38,4.2,46,No,
C0354,Vera Garcia,GreenField Ltd,North,Standard,2022-07-16,2025-08-06,192948.83,78,4.2,61,No,
C0355,Steve Thompson,GlobalRetail,West,Standard,2023-11-19,2025-06-03,222190.22,11,2.9,94,No,
C0356,Michael Garcia,TechVentures,South,Standard,2023-05-23,2023-06-20,245974.87,66,2.5,90,No,
C0357,Fiona Anderson,AlphaCo,South,Premium,2024-01-16,2025-03-02,164104.25,92,3.3,72,No,
C0358,Kevin Patel,AlphaCo,West,Standard,2023-09-02,2024-10-01,184987.11,5,3.3,40,No,
C0359,Michael Taylor,Acme Corp,East,Standard,2023-06-26,2026-04-23,88821.53,47,4.3,85,Yes,2025-05
C0360,Carlos Jackson,DataBridge,North,Standard,2023-09-04,2023-03-26,191705.52,34,2.7,62,Yes,2026-02
C0361,Yusuf Johnson,TechVentures,North,Standard,2024-06-28,2026-01-05,147774.95,114,4.9,95,No,
C0362,Zara Lee,StarLink Technologies,North,Enterprise,2022-04-24,2022-03-03,180972.33,14,2.5,44,No,
C0363,William Johnson,PrimeSoft,East,Standard,2022-08-27,2023-12-16,153337.17,26,3.7,90,No,
C0364,Bob Jackson,GlobalRetail,Central,Enterprise,2022-04-09,2023-09-19,243317.31,92,2.8,24,No,
C0365,Beth Martinez,NexGen Systems,South,Premium,2024-05-20,2025-09-21,74923.74,57,3.1,59,No,
C0366,Quinn Smith,DataBridge,East,Premium,2022-02-02,2022-08-12,226159.9,10,4.0,70,Yes,2026-05
C0367,Yusuf Jackson,Acme Corp,North,Premium,2023-12-22,2023-10-09,183151.49,43,3.6,76,No,
C0368,Julia White,BlueOcean Inc,Central,Standard,2022-04-19,2023-01-23,91459.27,62,4.7,56,No,
C0369,Beth Taylor,GreenField Ltd,West,Premium,2022-12-25,2025-07-01,218973.63,103,3.3,95,No,
C0370,Laura Smith,PrimeSoft,South,Enterprise,2022-04-04,2022-07-16,41725.46,46,3.0,78,No,
C0371,Julia Martin,AlphaCo,South,Enterprise,2024-12-16,2025-07-28,44156.06,88,2.6,28,No,
C0372,Kevin White,StarLink Technologies,East,Enterprise,2024-08-26,2024-07-16,8177.06,42,4.1,58,No,
C0373,Vera Robinson,PrimeSoft,Central,Enterprise,2022-09-10,2024-12-12,202745.45,113,2.8,87,No,
C0374,Carlos Smith,GreenField Ltd,East,Premium,2022-06-23,2023-06-21,229355.79,63,4.5,86,No,
C0375,Zara Martinez,ClearPath,South,Standard,2023-11-19,2024-12-19,154299.84,107,4.5,77,No,
C0376,Chloe Smith,BlueOcean Inc,Central,Standard,2023-03-20,2025-02-17,125280.42,80,4.8,49,Yes,2025-04
C0377,Zara Davis,ClearPath,South,Premium,2022-08-08,2023-11-01,85167.52,108,4.1,86,No,
C0378,Ivan Martinez,GreenField Ltd,East,Standard,2024-04-27,2026-02-20,153244.95,40,4.3,39,No,
C0379,Quinn Wilson,NexGen Systems,West,Premium,2022-05-09,2023-03-10,11194.51,86,4.1,68,Yes,2025-03
C0380,Oscar Taylor,OmniCorp,South,Standard,2023-02-09,2026-03-07,178042.7,61,3.2,90,Yes,2024-02
C0381,Bob Martinez,OmniCorp,West,Premium,2023-12-13,2023-11-14,163350.44,53,2.9,93,No,
C0382,Bob Wilson,BlueOcean Inc,Central,Standard,2022-09-02,2023-08-03,232102.44,20,2.9,81,Yes,2026-02
C0383,Carlos Anderson,BlueOcean Inc,East,Enterprise,2023-02-16,2026-05-02,133546.44,85,4.5,34,No,
C0384,Carlos Nguyen,GreenField Ltd,South,Enterprise,2023-04-08,2023-11-22,141632.72,9,4.1,43,No,
C0385,Bob Brown,NexGen Systems,South,Standard,2022-09-11,2024-07-25,160411.0,53,2.5,52,No,
C0386,Vera Thomas,OmniCorp,North,Enterprise,2024-01-07,2024-10-16,6752.33,92,2.7,62,No,
C0387,Aaron Kim,PrimeSoft,South,Enterprise,2022-11-24,2026-03-09,141284.37,68,3.5,40,No,
C0388,Ivan Martinez,NexGen Systems,East,Standard,2023-02-21,2025-08-01,114158.14,86,4.2,66,Yes,2024-01
C0389,Michael Lee,ClearPath,South,Premium,2024-12-24,2025-12-22,57513.9,78,4.5,61,No,
C0390,Umar Brown,StarLink Technologies,East,Premium,2022-05-01,2023-03-28,86813.34,66,4.9,64,No,
C0391,Oscar Taylor,StarLink Technologies,South,Standard,2023-09-20,2025-11-28,234767.17,12,4.0,15,No,
C0392,Tina Patel,Acme Corp,East,Standard,2023-08-13,2024-02-02,95172.19,85,3.0,69,No,
C0393,Laura Johnson,AlphaCo,West,Standard,2023-01-04,2025-03-09,116947.27,116,5.0,41,Yes,2026-01
C0394,Chloe White,GlobalRetail,North,Enterprise,2024-04-15,2026-05-09,71166.37,92,3.9,23,No,
C0395,Ethan Nguyen,TechVentures,West,Standard,2022-01-16,2025-08-14,47880.61,4,3.9,20,No,
C0396,Yusuf Davis,ClearPath,East,Standard,2022-05-01,2024-04-08,173970.42,106,2.5,98,Yes,2026-04
C0397,Rachel White,NexGen Systems,North,Premium,2022-10-12,2025-08-18,45154.21,87,4.8,85,No,
C0398,Kevin Anderson,PrimeSoft,South,Standard,2023-08-12,2025-03-27,169801.2,116,3.7,84,No,
C0399,Nina Johnson,StarLink Technologies,East,Standard,2023-06-21,2026-04-25,137106.89,90,2.9,20,No,
C0400,Derek Garcia,StarLink Technologies,East,Premium,2024-03-28,2026-02-27,199108.06,108,4.2,25,No,
C0401,Chloe Lee,OmniCorp,Central,Enterprise,2022-10-01,2024-09-22,235861.02,97,3.1,57,No,
C0402,Kevin Anderson,OmniCorp,West,Premium,2023-04-19,2025-12-14,173511.23,16,3.1,97,No,
C0403,Aaron Nguyen,ClearPath,North,Standard,2024-02-16,2024-02-23,237777.1,33,4.4,53,No,
C0404,Rachel Lee,NexGen Systems,North,Enterprise,2023-02-07,2024-11-03,21420.35,60,4.9,69,No,
C0405,Vera Taylor,Acme Corp,Central,Premium,2023-06-07,2025-07-20,149474.25,64,4.1,90,Yes,2025-01
C0406,Paula Martinez,BlueOcean Inc,North,Premium,2023-07-25,2023-07-23,148845.56,115,3.4,77,No,
C0407,Michael Patel,GreenField Ltd,North,Premium,2024-02-03,2024-12-27,180324.08,15,3.6,58,No,
C0408,Paula Patel,BlueOcean Inc,East,Standard,2024-08-07,2026-04-04,7522.02,19,4.0,18,No,
C0409,Oscar Johnson,OmniCorp,South,Premium,2024-10-13,2026-01-09,148486.96,92,3.8,37,No,
C0410,Julia Kim,Acme Corp,East,Standard,2023-02-22,2024-02-07,123125.82,34,2.5,98,No,
C0411,Yusuf Taylor,Acme Corp,East,Enterprise,2023-11-19,2026-02-23,113943.27,92,4.9,29,No,
C0412,Ethan Garcia,ClearPath,Central,Standard,2023-08-12,2026-01-23,133667.93,91,3.4,84,Yes,2025-01
C0413,Ivan Thomas,OmniCorp,West,Enterprise,2022-05-22,2024-08-13,129242.82,34,4.8,32,No,
C0414,Fiona Johnson,StarLink Technologies,South,Standard,2023-11-18,2025-09-09,122080.54,104,4.1,89,No,
C0415,Rachel Patel,NexGen Systems,South,Enterprise,2022-12-23,2025-01-12,19698.53,103,2.5,82,No,
C0416,Steve Harris,Acme Corp,East,Standard,2022-06-08,2025-04-07,167688.91,64,3.7,27,Yes,2026-05
C0417,Beth Johnson,GlobalRetail,South,Standard,2022-02-16,2026-01-19,45359.52,83,4.4,95,No,
C0418,Hannah Davis,PrimeSoft,North,Standard,2022-06-25,2025-01-07,169555.72,50,3.5,92,No,
C0419,Hannah Garcia,GreenField Ltd,Central,Standard,2024-07-21,2026-02-08,151749.82,39,3.7,24,No,
C0420,Alice Thomas,TechVentures,Central,Enterprise,2022-11-02,2024-05-13,73804.2,86,4.5,58,No,
C0421,Rachel Robinson,BlueOcean Inc,East,Standard,2023-09-16,2026-05-23,142245.98,90,4.0,99,No,
C0422,Ethan White,BlueOcean Inc,North,Standard,2023-09-17,2023-05-21,70711.85,37,4.7,91,No,
C0423,Kevin Martinez,NexGen Systems,Central,Enterprise,2023-04-27,2025-09-22,105827.11,36,4.0,100,No,
C0424,Yusuf Robinson,GlobalRetail,East,Enterprise,2024-06-23,2026-05-11,55093.8,62,4.0,37,No,
C0425,Xena Wilson,DataBridge,South,Premium,2024-06-06,2026-04-12,65180.28,64,4.3,87,No,
C0426,Kevin Garcia,AlphaCo,Central,Enterprise,2022-07-27,2026-04-01,21303.87,106,4.8,78,No,
C0427,Rachel Thompson,AlphaCo,Central,Standard,2022-05-02,2025-11-16,150841.58,63,3.6,55,Yes,2024-02
C0428,Laura Patel,Acme Corp,North,Premium,2024-09-09,2024-02-24,173247.45,29,2.6,99,No,
C0429,Alice Lee,BlueOcean Inc,Central,Standard,2023-07-08,2024-04-20,152897.02,99,3.2,85,No,
C0430,Hannah Garcia,Acme Corp,Central,Standard,2022-03-26,2025-04-18,155992.68,23,2.7,93,No,
C0431,Ivan White,TechVentures,North,Premium,2023-04-08,2026-05-06,223511.87,120,3.1,28,Yes,2026-03
C0432,Nina Thompson,StarLink Technologies,West,Premium,2022-02-28,2022-07-23,113812.6,22,4.3,64,No,
C0433,Yusuf Taylor,Acme Corp,Central,Standard,2022-11-16,2025-09-11,83909.6,66,3.8,64,No,
C0434,Tina Nguyen,BlueOcean Inc,South,Standard,2024-12-22,2025-03-26,103981.55,30,3.3,66,No,
C0435,William Wilson,NexGen Systems,West,Standard,2023-01-22,2024-11-23,20850.27,94,4.5,64,No,
C0436,Laura Taylor,Acme Corp,West,Premium,2023-07-03,2026-03-12,60996.42,49,4.8,48,No,
C0437,Fiona Brown,StarLink Technologies,Central,Standard,2022-01-13,2024-01-25,61002.15,93,4.8,26,No,
C0438,Rachel Patel,AlphaCo,North,Premium,2023-08-05,2025-03-28,111793.97,114,4.8,44,No,
C0439,Fiona Harris,TechVentures,South,Standard,2024-01-19,2026-02-10,139244.95,57,4.7,45,Yes,2024-10
C0440,William Johnson,TechVentures,North,Premium,2022-09-04,2025-09-25,95387.99,25,2.9,38,No,
C0441,Alice Martinez,GlobalRetail,East,Premium,2022-09-17,2022-07-05,45915.31,63,2.9,31,Yes,2026-05
C0442,Tina Anderson,StarLink Technologies,East,Premium,2023-03-23,2023-12-08,44711.29,80,4.4,23,No,
C0443,Ethan Smith,AlphaCo,West,Premium,2023-11-25,2026-05-18,182927.56,116,3.8,97,No,
C0444,Laura Robinson,StarLink Technologies,West,Standard,2024-07-06,2026-04-05,202185.49,29,2.7,62,No,
C0445,Diana Robinson,PrimeSoft,West,Premium,2023-01-11,2026-02-25,8930.18,58,4.4,33,No,
C0446,Steve Garcia,DataBridge,East,Premium,2022-01-08,2025-05-16,102813.6,94,3.7,41,No,
C0447,Nina Patel,NexGen Systems,South,Standard,2022-05-12,2022-06-15,227801.05,116,4.1,70,Yes,2025-06
C0448,Aaron Harris,OmniCorp,West,Enterprise,2023-02-12,2025-04-10,230886.4,24,2.5,27,No,
C0449,William Martin,AlphaCo,North,Enterprise,2022-11-17,2024-01-15,103835.95,105,4.0,59,No,
C0450,Julia Anderson,Acme Corp,Central,Standard,2023-08-14,2023-11-25,139257.49,98,3.9,23,No,
C0451,Ethan Taylor,BlueOcean Inc,West,Standard,2024-05-05,2024-04-03,156134.22,38,3.5,20,Yes,2024-03
C0452,George Thomas,StarLink Technologies,South,Premium,2022-07-18,2026-03-07,5138.91,11,2.9,19,No,
C0453,Paula Johnson,NexGen Systems,West,Standard,2022-11-16,2022-02-22,117603.54,118,3.4,62,No,
C0454,Ivan Thompson,OmniCorp,Central,Standard,2024-06-21,2026-03-17,43121.59,90,4.6,90,No,
C0455,Ivan Robinson,NexGen Systems,South,Standard,2023-08-09,2025-09-10,127224.22,95,5.0,21,No,
C0456,Julia Davis,TechVentures,South,Standard,2022-04-15,2023-02-23,137841.27,49,3.5,66,No,
C0457,Kevin Wilson,TechVentures,South,Enterprise,2023-11-03,2025-01-14,104451.55,58,2.9,75,No,
C0458,Kevin Anderson,TechVentures,East,Premium,2023-07-19,2024-07-14,213115.26,39,3.1,36,No,
C0459,Tina Martinez,StarLink Technologies,West,Standard,2022-02-03,2022-03-18,109992.94,117,2.7,97,Yes,2024-01
C0460,Paula Kim,Acme Corp,South,Premium,2023-11-22,2025-11-19,26442.45,24,4.7,57,Yes,2026-01
C0461,Bob Robinson,Acme Corp,South,Standard,2023-08-04,2025-10-10,155781.6,70,2.7,93,No,
C0462,Carlos Jackson,StarLink Technologies,East,Enterprise,2024-09-04,2025-10-08,173812.85,7,3.5,58,No,
C0463,William White,GreenField Ltd,East,Standard,2023-05-21,2026-04-26,232971.79,104,5.0,54,No,
C0464,George Brown,GreenField Ltd,South,Standard,2022-02-02,2026-01-05,31380.25,60,2.8,24,No,
C0465,Kevin Martinez,StarLink Technologies,South,Standard,2023-07-04,2025-12-07,224419.46,86,2.6,35,No,
C0466,Laura Johnson,Acme Corp,North,Standard,2023-07-06,2026-04-22,241805.37,103,4.3,56,No,
C0467,Aaron Martinez,ClearPath,West,Standard,2024-12-06,2024-03-09,106871.25,65,4.7,57,Yes,2024-04
C0468,Quinn Robinson,GreenField Ltd,East,Standard,2024-03-14,2024-01-21,93378.25,46,4.5,62,No,
C0469,Diana White,OmniCorp,South,Premium,2023-11-22,2025-09-13,222948.66,78,4.0,93,No,
C0470,Yusuf Patel,GreenField Ltd,Central,Premium,2024-08-02,2025-06-01,104797.39,83,4.9,23,No,
C0471,Chloe Thomas,GreenField Ltd,Central,Standard,2023-10-08,2026-03-10,223420.73,112,2.6,44,No,
C0472,Steve Davis,PrimeSoft,East,Enterprise,2022-01-08,2025-04-13,5551.35,9,4.9,50,No,
C0473,Chloe Martin,PrimeSoft,North,Premium,2024-11-26,2025-10-22,17542.94,77,3.0,99,No,
C0474,Yusuf Lee,NexGen Systems,West,Standard,2023-03-18,2024-01-22,110227.62,45,4.1,76,Yes,2024-12
C0475,Xena Davis,GlobalRetail,East,Standard,2023-03-14,2024-12-06,93550.26,100,4.8,54,No,
C0476,William Martin,DataBridge,North,Enterprise,2022-02-28,2022-04-03,195772.89,104,4.4,49,No,
C0477,Diana Jackson,BlueOcean Inc,North,Premium,2024-08-17,2024-08-22,155519.67,103,2.7,26,No,
C0478,Michael Nguyen,OmniCorp,East,Standard,2024-02-03,2024-03-11,44283.26,107,4.2,39,No,
C0479,Derek Anderson,Acme Corp,East,Standard,2023-02-26,2026-02-06,51585.2,84,3.7,90,No,
C0480,Carlos Brown,DataBridge,West,Standard,2023-07-11,2025-04-02,13912.97,27,2.5,60,Yes,2026-03
C0481,Umar Martinez,PrimeSoft,North,Standard,2023-02-05,2023-10-17,142546.01,17,4.0,75,No,
C0482,Rachel Martinez,TechVentures,Central,Standard,2024-06-08,2025-09-27,109281.95,7,4.6,22,No,
C0483,Vera Garcia,ClearPath,East,Standard,2022-05-11,2025-02-17,94127.38,66,3.3,53,No,
C0484,Alice Wilson,BlueOcean Inc,South,Standard,2022-09-20,2026-01-12,32776.67,36,4.4,55,No,
C0485,Fiona Thompson,NexGen Systems,Central,Standard,2022-01-09,2024-09-25,137620.05,112,2.7,85,No,
C0486,Beth Martin,AlphaCo,Central,Standard,2022-07-25,2022-05-14,27777.03,45,3.2,21,Yes,2024-10
C0487,Alice Lee,GreenField Ltd,North,Premium,2023-07-18,2023-05-06,149759.19,74,4.7,46,Yes,2024-03
C0488,Umar Thompson,ClearPath,North,Standard,2022-08-07,2023-03-24,239536.43,113,4.2,45,No,
C0489,Alice Harris,AlphaCo,Central,Standard,2022-08-18,2023-01-14,56696.84,88,3.5,82,No,
C0490,Ethan Taylor,StarLink Technologies,West,Standard,2023-05-08,2023-12-14,67474.82,80,3.7,29,No,
C0491,George Davis,ClearPath,South,Standard,2024-10-04,2026-02-05,179211.71,32,5.0,20,No,
C0492,Vera Taylor,GlobalRetail,South,Premium,2022-10-01,2023-12-04,208342.82,4,3.5,58,No,
C0493,Ethan Garcia,ClearPath,North,Standard,2023-07-13,2025-08-22,54379.49,84,2.9,64,No,
C0494,Beth Brown,GreenField Ltd,West,Standard,2023-01-09,2023-07-15,43858.25,103,4.7,22,No,
C0495,Quinn Wilson,NexGen Systems,West,Enterprise,2023-03-10,2025-03-14,193418.12,63,4.5,82,No,
C0496,Oscar Anderson,AlphaCo,South,Premium,2024-05-27,2025-07-09,44312.28,31,3.6,32,Yes,2024-11
C0497,Paula Taylor,NexGen Systems,Central,Premium,2022-02-09,2024-09-09,174027.42,37,4.7,81,No,
C0498,Xena Taylor,Acme Corp,North,Standard,2022-04-10,2024-04-25,239631.35,74,4.6,88,No,
C0499,Quinn Kim,DataBridge,West,Standard,2022-03-01,2024-12-25,140698.73,75,3.4,76,No,
C0500,Diana Wilson,ClearPath,West,Premium,2023-10-07,2026-05-19,143185.39,15,3.4,94,No,
C0501,Hannah Martinez,Acme Corp,East,Premium,2022-09-11,2025-04-14,239587.94,5,4.2,28,No,
C0502,Ethan Brown,PrimeSoft,North,Premium,2023-09-24,2023-02-22,247494.78,73,3.6,32,No,
C0503,George Nguyen,BlueOcean Inc,North,Enterprise,2022-10-14,2022-05-21,149213.43,60,4.7,26,No,
C0504,Hannah Robinson,TechVentures,North,Standard,2024-09-24,2026-02-02,121623.05,38,3.9,99,No,
C0505,Xena Smith,GreenField Ltd,South,Standard,2023-02-03,2024-10-09,5022.76,92,3.4,60,No,
C0506,Rachel Kim,Acme Corp,North,Standard,2024-01-22,2025-04-06,206466.94,32,4.3,37,No,
C0507,George Nguyen,GlobalRetail,East,Premium,2024-08-08,2026-02-02,33879.68,119,4.3,61,No,
C0508,Chloe Wilson,DataBridge,West,Enterprise,2022-03-16,2025-01-06,96761.23,71,2.9,68,No,
C0509,Yusuf Kim,NexGen Systems,North,Enterprise,2022-07-08,2023-05-23,132464.16,74,4.7,82,No,
C0510,Derek Thompson,StarLink Technologies,East,Standard,2022-10-18,2026-02-15,109097.15,81,4.6,71,No,
C0511,Ivan Robinson,NexGen Systems,North,Enterprise,2023-07-25,2026-01-28,147443.62,104,4.2,21,No,
C0512,William Martin,TechVentures,Central,Premium,2024-10-23,2026-02-02,131898.84,71,4.7,31,No,
C0513,Bob Harris,StarLink Technologies,Central,Standard,2022-09-18,2022-06-17,136703.78,36,3.2,85,Yes,2024-01
C0514,Nina White,NexGen Systems,South,Standard,2022-12-21,2022-09-05,158085.81,12,3.6,96,No,
C0515,Xena Martinez,GreenField Ltd,South,Standard,2023-01-02,2023-01-25,167896.12,6,4.7,18,Yes,2024-12
C0516,Zara Thompson,TechVentures,North,Standard,2023-02-15,2025-01-26,159557.28,80,2.6,34,No,
C0517,Kevin Taylor,DataBridge,North,Standard,2024-11-10,2025-05-06,25834.91,107,2.9,100,No,
C0518,Paula Wilson,GreenField Ltd,Central,Standard,2022-03-06,2024-09-20,198135.92,43,3.4,20,No,
C0519,Oscar Smith,Acme Corp,Central,Enterprise,2024-05-08,2025-06-21,88664.84,49,4.3,50,No,
C0520,Michael Taylor,StarLink Technologies,North,Premium,2022-05-17,2023-06-12,167024.36,49,3.3,36,No,
C0521,Michael Patel,OmniCorp,North,Standard,2022-07-07,2023-07-20,214726.28,74,3.7,60,No,
C0522,Alice Robinson,DataBridge,Central,Enterprise,2022-01-09,2022-02-28,100960.76,109,3.8,86,No,
C0523,Xena Smith,AlphaCo,East,Standard,2024-03-18,2025-08-08,131337.52,51,4.3,39,No,
C0524,Carlos Taylor,AlphaCo,South,Enterprise,2022-03-23,2025-10-22,77312.02,24,3.8,97,No,
C0525,Xena Wilson,PrimeSoft,East,Enterprise,2022-07-25,2023-06-24,182680.99,70,3.6,28,No,
C0526,Yusuf Davis,TechVentures,West,Standard,2023-05-21,2026-02-12,236804.72,50,4.4,20,No,
C0527,Zara Brown,ClearPath,East,Premium,2024-03-10,2024-12-01,168822.77,63,3.4,67,No,
C0528,Beth Wilson,OmniCorp,Central,Standard,2024-09-01,2024-12-04,95251.09,74,4.2,81,Yes,2025-06
C0529,Xena Garcia,GreenField Ltd,Central,Standard,2022-11-23,2024-01-10,173272.73,10,5.0,52,Yes,2024-04
C0530,Yusuf Anderson,NexGen Systems,Central,Premium,2023-12-04,2026-02-26,39646.94,16,2.7,91,No,
C0531,Oscar Lee,OmniCorp,North,Standard,2022-04-19,2022-11-22,53507.59,30,2.8,97,No,
C0532,Hannah Patel,PrimeSoft,North,Standard,2022-10-25,2026-04-25,240616.74,52,2.7,79,No,
C0533,Yusuf Martin,ClearPath,Central,Standard,2022-03-07,2022-01-19,31152.72,102,3.5,85,Yes,2026-05
C0534,Derek Smith,NexGen Systems,West,Premium,2024-12-16,2025-12-10,206645.03,79,2.8,68,No,
C0535,Chloe Robinson,DataBridge,South,Premium,2024-06-05,2024-02-10,152904.39,106,2.8,82,No,
C0536,Steve Wilson,TechVentures,Central,Premium,2022-07-17,2025-06-27,11462.16,20,4.4,67,No,
C0537,Aaron Kim,NexGen Systems,Central,Standard,2022-02-08,2025-05-11,87735.2,12,2.7,19,No,
C0538,Beth Wilson,GlobalRetail,Central,Premium,2024-01-27,2025-11-01,195614.52,46,3.1,65,No,
C0539,Zara Patel,OmniCorp,North,Enterprise,2022-07-25,2022-01-07,219333.13,10,3.8,41,No,
C0540,Michael Robinson,TechVentures,North,Premium,2024-08-03,2025-12-07,29486.71,25,4.4,47,No,
C0541,Laura Patel,PrimeSoft,Central,Standard,2023-10-04,2026-04-14,191947.74,85,4.8,94,Yes,2026-03
C0542,Julia Patel,TechVentures,South,Premium,2024-01-26,2026-04-25,52546.95,41,3.1,100,No,
C0543,Xena Harris,GlobalRetail,West,Enterprise,2022-11-12,2026-01-02,30106.31,50,3.6,17,No,
C0544,Bob Harris,BlueOcean Inc,Central,Standard,2022-05-10,2026-02-01,180089.93,60,5.0,89,No,
C0545,Michael Robinson,ClearPath,Central,Standard,2024-07-25,2026-05-26,97087.66,102,4.1,85,No,
C0546,Yusuf Robinson,ClearPath,West,Enterprise,2024-05-05,2026-03-19,99104.22,75,3.1,57,No,
C0547,Julia Smith,OmniCorp,East,Standard,2022-03-07,2022-03-27,196182.07,107,3.1,33,No,
C0548,Nina Taylor,StarLink Technologies,Central,Standard,2022-07-20,2022-09-16,42975.2,84,2.8,68,No,
C0549,Alice Jackson,GlobalRetail,South,Premium,2024-04-17,2026-02-11,169185.91,80,4.8,98,No,
C0550,Quinn Garcia,DataBridge,Central,Standard,2023-01-12,2026-01-05,226050.88,75,4.0,58,Yes,2024-07
C0551,Steve Anderson,OmniCorp,South,Premium,2023-02-26,2026-05-13,89455.77,83,2.7,42,Yes,2025-07
C0552,Diana Garcia,NexGen Systems,Central,Premium,2023-02-09,2024-05-13,137659.68,33,4.0,54,No,
C0553,Ivan Patel,Acme Corp,South,Premium,2022-01-01,2026-04-20,100714.88,116,3.5,22,No,
C0554,Yusuf Taylor,OmniCorp,South,Enterprise,2024-04-27,2026-03-27,242525.68,112,2.6,23,No,
C0555,Bob Robinson,DataBridge,East,Enterprise,2024-10-03,2026-03-02,116018.54,102,2.9,95,No,
C0556,Beth Thompson,GreenField Ltd,West,Standard,2022-12-12,2023-11-09,71179.77,117,3.7,71,No,
C0557,Michael Kim,Acme Corp,West,Standard,2024-07-25,2025-11-05,151096.44,47,2.5,26,No,
C0558,Paula White,PrimeSoft,North,Standard,2024-12-20,2024-05-01,102333.33,70,4.2,48,Yes,2024-04
C0559,George Jackson,NexGen Systems,North,Standard,2023-06-23,2024-04-12,229375.75,54,2.8,84,No,
C0560,Oscar Smith,NexGen Systems,South,Standard,2022-10-06,2022-07-04,58623.41,57,3.1,80,No,
C0561,Kevin Garcia,GreenField Ltd,West,Premium,2023-07-04,2024-04-15,23212.33,88,3.9,54,No,
C0562,Bob Kim,StarLink Technologies,East,Enterprise,2023-05-17,2023-02-14,72470.99,9,3.1,41,No,
C0563,Aaron Lee,PrimeSoft,West,Premium,2022-08-24,2025-11-17,46727.96,26,2.7,35,No,
C0564,Chloe White,StarLink Technologies,Central,Standard,2022-11-07,2024-09-14,47046.81,72,3.4,77,No,
C0565,Vera Robinson,GreenField Ltd,South,Standard,2022-09-08,2022-09-06,138160.38,43,3.5,58,No,
C0566,Yusuf Jackson,ClearPath,North,Premium,2024-10-18,2026-04-13,171782.6,18,3.6,22,No,
C0567,Paula Brown,PrimeSoft,Central,Standard,2022-01-12,2022-07-18,40189.22,87,4.6,38,Yes,2025-06
C0568,Vera Kim,TechVentures,West,Standard,2024-06-01,2025-09-15,234579.4,90,3.2,87,Yes,2024-09
C0569,Umar Kim,TechVentures,Central,Enterprise,2024-07-15,2026-01-18,149705.01,101,4.2,45,No,
C0570,Tina Martin,AlphaCo,Central,Standard,2022-03-02,2024-01-20,174489.35,32,4.2,84,No,
C0571,Xena Robinson,ClearPath,East,Premium,2023-11-05,2025-10-11,212303.21,81,3.8,95,Yes,2026-05
C0572,Carlos Wilson,BlueOcean Inc,West,Standard,2024-08-26,2024-12-21,113144.36,48,4.8,45,No,
C0573,Michael Jackson,PrimeSoft,West,Enterprise,2024-03-01,2026-04-09,98209.83,12,4.9,23,No,
C0574,Vera Jackson,GreenField Ltd,Central,Premium,2023-09-05,2026-05-16,181042.24,22,4.6,31,No,
C0575,Steve Nguyen,GreenField Ltd,North,Standard,2024-06-22,2026-01-13,162669.62,90,4.1,45,No,
C0576,William Davis,Acme Corp,East,Standard,2023-07-24,2025-11-15,144452.4,6,4.2,36,No,
C0577,Rachel Kim,ClearPath,East,Standard,2023-05-06,2026-04-19,101546.42,20,3.4,93,No,
C0578,Umar Brown,DataBridge,South,Standard,2024-10-28,2025-07-27,217261.35,113,4.9,84,No,
C0579,Derek Thompson,TechVentures,East,Premium,2023-02-22,2025-03-18,191567.06,95,5.0,76,Yes,2026-05
C0580,Kevin Taylor,GlobalRetail,Central,Enterprise,2024-04-28,2026-02-11,134786.53,103,4.2,28,No,
C0581,Quinn Lee,OmniCorp,West,Premium,2022-11-16,2026-03-13,237646.38,74,3.3,93,No,
C0582,Paula Wilson,AlphaCo,South,Enterprise,2023-11-20,2023-11-17,206960.5,12,4.8,29,No,
C0583,Tina White,GlobalRetail,North,Enterprise,2024-06-19,2024-05-26,14234.18,110,3.4,65,No,
C0584,Kevin Wilson,GreenField Ltd,North,Premium,2023-04-04,2024-12-06,94696.98,116,3.0,68,No,
C0585,Beth Harris,TechVentures,South,Standard,2023-06-02,2023-10-09,238419.0,22,4.2,97,No,
C0586,Julia Johnson,Acme Corp,East,Enterprise,2023-10-17,2023-12-19,133311.64,74,2.7,31,No,
C0587,Alice Davis,BlueOcean Inc,South,Premium,2024-09-18,2025-07-06,223095.39,45,3.9,69,No,
C0588,Kevin Thompson,OmniCorp,West,Standard,2023-09-15,2025-05-28,46059.52,66,4.3,80,No,
C0589,Xena Davis,OmniCorp,East,Standard,2023-06-26,2025-12-27,155343.72,25,3.8,53,No,
C0590,Derek Lee,TechVentures,West,Standard,2022-03-28,2022-01-02,43206.07,42,3.4,44,No,
C0591,Chloe Brown,TechVentures,South,Enterprise,2022-06-28,2024-02-07,6364.58,46,3.7,81,No,
C0592,Umar Thomas,OmniCorp,South,Standard,2023-05-10,2026-04-19,156890.76,94,3.7,78,No,
C0593,William Brown,PrimeSoft,West,Standard,2023-12-10,2026-02-24,6559.52,49,4.6,36,No,
C0594,Julia Nguyen,TechVentures,Central,Premium,2022-12-18,2022-12-05,51653.81,11,2.8,92,No,
C0595,Aaron Smith,DataBridge,East,Standard,2022-07-24,2022-02-17,64963.38,36,3.7,41,No,
C0596,Oscar Anderson,Acme Corp,Central,Enterprise,2023-07-17,2023-11-15,48350.58,26,4.7,76,No,
C0597,Ivan Anderson,OmniCorp,East,Premium,2023-03-28,2023-06-05,156559.82,68,4.5,100,No,
C0598,Michael Martin,NexGen Systems,North,Premium,2024-03-23,2025-02-21,119849.26,11,3.6,42,No,
C0599,Zara Nguyen,StarLink Technologies,Central,Standard,2022-06-06,2023-03-19,239022.24,119,4.0,67,No,
C0600,Diana Thomas,BlueOcean Inc,Central,Enterprise,2023-04-18,2024-04-06,84650.12,49,4.3,46,No,
C0601,Beth Martin,NexGen Systems,East,Standard,2023-05-14,2023-08-24,162928.59,97,4.4,78,Yes,2025-05
C0602,Hannah Smith,StarLink Technologies,East,Premium,2023-10-26,2026-05-23,182632.29,26,4.7,92,No,
C0603,Beth Thompson,GreenField Ltd,North,Enterprise,2022-08-03,2023-01-11,65389.89,118,4.0,82,No,
C0604,Xena Lee,NexGen Systems,West,Standard,2023-03-19,2024-03-05,11879.2,89,4.4,27,Yes,2025-07
C0605,Xena Patel,OmniCorp,South,Enterprise,2022-05-25,2026-04-20,203654.04,90,4.7,81,No,
C0606,Beth Thompson,GreenField Ltd,East,Standard,2024-12-24,2026-03-22,131011.97,26,3.1,83,No,
C0607,Bob Patel,NexGen Systems,North,Premium,2023-04-13,2023-10-28,199590.93,44,2.8,23,No,
C0608,Beth Kim,NexGen Systems,Central,Standard,2022-01-25,2023-11-19,46032.62,96,4.9,59,No,
C0609,Carlos Wilson,NexGen Systems,West,Premium,2024-09-07,2024-10-27,53101.49,3,3.9,75,Yes,2026-05
C0610,Paula Johnson,StarLink Technologies,North,Enterprise,2022-11-05,2023-02-07,43564.11,113,4.2,73,No,
C0611,Yusuf Garcia,Acme Corp,North,Standard,2024-11-03,2024-02-13,103660.59,19,4.8,20,Yes,2026-01
C0612,Oscar Garcia,ClearPath,East,Standard,2024-08-08,2024-10-24,183771.83,7,3.2,39,No,
C0613,Kevin Nguyen,OmniCorp,North,Standard,2023-11-22,2025-09-04,41659.78,103,3.2,27,Yes,2024-09
C0614,Vera Taylor,DataBridge,Central,Enterprise,2023-01-19,2025-03-05,151099.2,51,2.8,90,No,
C0615,Beth Anderson,BlueOcean Inc,West,Standard,2022-12-24,2022-04-23,168402.89,79,3.4,89,No,
C0616,Alice Lee,NexGen Systems,West,Enterprise,2023-04-14,2025-09-11,137211.64,52,3.3,31,No,
C0617,Alice Davis,TechVentures,South,Enterprise,2023-01-14,2023-06-20,44678.7,32,3.9,50,No,
C0618,Tina Robinson,Acme Corp,West,Standard,2022-07-14,2026-01-14,60909.31,19,4.7,82,No,
C0619,Chloe Lee,BlueOcean Inc,East,Premium,2022-11-21,2022-04-23,179031.27,39,2.6,22,Yes,2026-05
C0620,Tina Anderson,PrimeSoft,West,Standard,2024-08-12,2025-05-20,20896.18,59,4.0,59,No,
C0621,Nina Kim,NexGen Systems,East,Premium,2022-03-27,2024-08-14,5669.35,8,3.9,30,No,
C0622,Quinn Lee,Acme Corp,South,Enterprise,2024-07-18,2024-02-15,102666.39,100,4.9,77,No,
C0623,Quinn Patel,OmniCorp,North,Premium,2024-11-12,2025-02-05,150223.11,114,4.3,58,No,
C0624,Oscar Johnson,NexGen Systems,Central,Enterprise,2023-02-08,2023-08-23,61151.31,13,4.9,51,No,
C0625,Quinn Davis,GreenField Ltd,East,Enterprise,2023-03-04,2024-01-01,143457.15,26,3.4,82,No,
C0626,Oscar Thomas,ClearPath,West,Standard,2023-01-07,2023-09-01,86771.86,88,4.5,40,No,
C0627,Fiona Jackson,AlphaCo,West,Standard,2023-03-03,2025-10-03,133530.9,109,2.8,75,Yes,2024-05
C0628,Michael Thomas,PrimeSoft,North,Premium,2023-11-19,2023-02-26,33537.49,60,4.0,100,No,
C0629,Derek Davis,Acme Corp,North,Standard,2023-10-08,2023-12-19,190535.37,112,4.3,49,No,
C0630,Kevin Brown,DataBridge,North,Premium,2022-01-09,2026-05-17,14284.96,78,3.2,91,No,
C0631,Derek Taylor,StarLink Technologies,Central,Standard,2024-04-21,2024-04-15,149627.7,90,2.8,68,No,
C0632,Rachel Wilson,TechVentures,West,Standard,2022-03-07,2025-05-02,123830.24,76,3.2,44,No,
C0633,Yusuf Martinez,PrimeSoft,South,Premium,2024-09-22,2026-05-10,147801.66,119,2.8,93,No,
C0634,Alice Johnson,ClearPath,East,Enterprise,2023-11-05,2023-04-15,17490.29,61,4.5,84,No,
C0635,Diana Johnson,PrimeSoft,North,Standard,2024-11-22,2024-11-26,166807.83,36,2.7,84,No,
C0636,Zara Johnson,NexGen Systems,East,Standard,2024-10-17,2026-05-25,148254.67,118,2.9,29,Yes,2025-01
C0637,Xena Martin,OmniCorp,Central,Standard,2024-09-01,2024-09-13,224070.08,41,3.8,35,No,
C0638,Oscar Anderson,OmniCorp,Central,Standard,2022-10-15,2026-03-15,233464.21,72,2.9,18,Yes,2024-07
C0639,Paula Martinez,GreenField Ltd,North,Standard,2022-04-13,2026-01-10,150941.7,14,4.4,100,Yes,2024-09
C0640,Chloe White,DataBridge,Central,Premium,2022-10-22,2025-09-17,41857.07,95,4.4,89,No,
C0641,Vera White,DataBridge,North,Premium,2024-06-08,2026-01-09,226656.77,14,4.5,69,No,
C0642,Nina Patel,GreenField Ltd,Central,Standard,2022-08-10,2026-05-08,86660.19,51,3.4,73,No,
C0643,Beth Taylor,GlobalRetail,East,Standard,2024-07-23,2026-03-27,154407.08,52,3.9,48,No,
C0644,Nina Smith,AlphaCo,West,Premium,2022-02-15,2022-03-18,87814.39,52,2.9,60,No,
C0645,Hannah Thomas,AlphaCo,Central,Premium,2022-09-19,2023-05-18,103031.98,92,3.8,93,Yes,2025-03
C0646,Ivan Taylor,GreenField Ltd,South,Standard,2024-08-20,2026-01-14,10403.43,109,2.7,53,Yes,2024-10
C0647,Chloe Brown,BlueOcean Inc,Central,Standard,2022-04-23,2025-02-08,57269.23,95,3.5,15,No,
C0648,Hannah Patel,AlphaCo,East,Standard,2022-07-11,2022-03-12,227075.13,38,4.4,78,Yes,2024-10
C0649,Diana Thomas,BlueOcean Inc,North,Standard,2024-05-09,2024-10-14,103505.86,11,3.7,76,No,
C0650,Derek Johnson,OmniCorp,South,Standard,2024-09-19,2026-01-18,137555.25,119,4.3,66,No,
C0651,Rachel Garcia,TechVentures,East,Enterprise,2023-07-17,2023-04-27,84979.77,26,4.8,95,No,
C0652,Ivan Martin,PrimeSoft,Central,Standard,2024-04-23,2026-04-23,156543.55,59,3.3,79,No,
C0653,Julia Johnson,BlueOcean Inc,East,Standard,2023-11-02,2023-02-20,38018.08,79,4.2,22,No,
C0654,Yusuf White,BlueOcean Inc,South,Standard,2023-12-02,2025-02-03,121247.8,57,4.2,22,No,
C0655,Tina Martin,OmniCorp,West,Premium,2023-04-14,2024-02-17,146920.87,44,3.4,22,No,
C0656,Alice Patel,Acme Corp,Central,Standard,2024-05-26,2024-05-17,242962.31,35,2.9,52,No,
C0657,Michael Davis,ClearPath,Central,Standard,2023-08-14,2023-06-26,111771.98,23,2.5,54,No,
C0658,Beth Anderson,GreenField Ltd,West,Premium,2022-10-15,2024-06-08,52110.44,67,4.5,18,No,
C0659,Hannah Anderson,AlphaCo,West,Standard,2022-11-06,2025-06-23,75851.66,16,3.5,57,No,
C0660,Laura Brown,Acme Corp,North,Standard,2024-07-06,2024-02-06,42278.18,26,4.9,72,No,
C0661,Chloe White,ClearPath,West,Premium,2022-06-20,2022-07-01,30395.79,25,3.2,27,Yes,2026-03
C0662,Rachel Harris,DataBridge,West,Standard,2022-09-01,2022-08-19,131486.24,53,3.7,78,No,
C0663,Ethan Nguyen,TechVentures,South,Standard,2023-08-26,2023-05-15,38052.95,94,3.5,48,No,
C0664,Umar Thomas,TechVentures,South,Standard,2022-01-07,2026-03-08,185176.86,116,3.7,44,No,
C0665,William Thompson,ClearPath,West,Standard,2024-01-15,2026-03-27,160711.71,50,5.0,80,No,
C0666,Ethan Lee,DataBridge,Central,Standard,2022-09-11,2024-06-26,189343.26,37,2.6,69,Yes,2026-03
C0667,Julia Jackson,BlueOcean Inc,South,Standard,2022-02-05,2023-03-23,246257.74,39,4.4,93,No,
C0668,Xena White,DataBridge,Central,Standard,2022-08-15,2025-04-08,167802.02,85,4.1,36,No,
C0669,Alice Nguyen,OmniCorp,Central,Premium,2022-02-16,2024-12-01,165488.43,10,4.5,23,No,
C0670,Michael Brown,Acme Corp,East,Premium,2024-04-02,2025-10-26,244820.91,44,4.3,79,No,
C0671,Ivan Robinson,NexGen Systems,East,Standard,2023-01-02,2023-09-03,180213.07,53,3.6,79,No,
C0672,Chloe Johnson,PrimeSoft,East,Standard,2023-05-09,2025-05-09,109736.88,108,3.8,83,No,
C0673,William Johnson,GreenField Ltd,Central,Standard,2023-12-26,2023-01-21,173128.9,99,4.8,100,No,
C0674,Umar Robinson,TechVentures,South,Premium,2024-09-22,2025-09-24,99569.16,82,3.9,69,No,
C0675,Quinn Harris,GlobalRetail,Central,Enterprise,2023-08-19,2024-08-04,72189.01,60,4.2,47,No,
C0676,Bob Johnson,ClearPath,Central,Premium,2023-12-09,2024-05-05,226616.85,109,3.9,43,No,
C0677,Fiona Harris,NexGen Systems,South,Standard,2022-03-04,2026-04-01,101014.81,107,2.9,87,No,
C0678,Fiona Harris,OmniCorp,North,Standard,2024-04-06,2024-02-02,204972.51,4,3.0,37,No,
C0679,Alice Johnson,ClearPath,Central,Premium,2023-07-04,2023-01-17,211112.39,79,4.2,86,No,
C0680,Vera White,ClearPath,West,Enterprise,2024-02-27,2025-04-12,99010.39,14,3.2,45,No,
C0681,Julia Martinez,DataBridge,South,Standard,2022-10-17,2022-08-09,108179.34,99,4.4,85,No,
C0682,George Martinez,AlphaCo,West,Standard,2024-06-27,2026-01-02,5894.23,96,4.4,17,No,
C0683,Yusuf Taylor,GlobalRetail,North,Premium,2023-06-24,2026-04-27,23260.55,5,4.8,20,No,
C0684,Chloe Taylor,PrimeSoft,East,Enterprise,2022-11-13,2024-05-28,26202.73,14,4.3,43,No,
C0685,Alice Jackson,OmniCorp,East,Enterprise,2024-10-09,2026-04-02,133084.22,4,3.4,86,No,
C0686,Nina Thomas,OmniCorp,South,Premium,2022-07-18,2026-05-20,104287.82,52,4.0,16,No,
C0687,Rachel Thomas,OmniCorp,Central,Premium,2024-10-04,2025-09-22,166800.9,65,4.5,24,No,
C0688,Laura Thompson,PrimeSoft,South,Premium,2022-10-15,2025-01-23,150701.89,19,2.6,26,No,
C0689,Chloe Anderson,GreenField Ltd,Central,Standard,2022-07-01,2024-02-18,214421.24,100,4.9,88,No,
C0690,Ethan Johnson,GreenField Ltd,East,Premium,2023-02-15,2026-04-10,177986.25,88,4.4,77,Yes,2026-05
C0691,Tina Kim,TechVentures,North,Premium,2024-09-05,2025-02-20,179628.67,54,4.8,70,No,
C0692,Fiona Garcia,StarLink Technologies,West,Premium,2024-02-15,2024-12-09,181646.49,49,3.2,31,No,
C0693,Rachel Anderson,DataBridge,East,Premium,2022-06-14,2026-02-01,212005.85,21,2.8,61,No,
C0694,Alice Thompson,Acme Corp,North,Enterprise,2023-04-23,2025-07-09,237906.59,61,2.9,32,No,
C0695,Beth White,GlobalRetail,Central,Enterprise,2024-10-11,2026-03-01,19310.64,65,3.8,81,No,
C0696,William Davis,ClearPath,West,Premium,2022-07-03,2025-09-26,194245.1,3,3.7,22,No,
C0697,Rachel Patel,TechVentures,North,Standard,2022-10-06,2025-02-27,165949.63,43,3.0,25,No,
C0698,Bob Anderson,NexGen Systems,West,Enterprise,2024-03-07,2024-01-15,22365.64,58,4.0,16,Yes,2025-05
C0699,Chloe Johnson,OmniCorp,Central,Standard,2024-12-11,2026-03-08,203628.4,21,4.5,81,No,
C0700,Steve Martin,StarLink Technologies,South,Standard,2023-06-05,2025-05-16,192667.82,55,4.6,26,No,
C0701,Zara Harris,GlobalRetail,West,Premium,2023-09-03,2024-12-25,22327.19,36,3.3,34,No,
C0702,Rachel Robinson,PrimeSoft,South,Standard,2022-08-10,2023-12-12,112273.35,70,4.4,45,No,
C0703,Derek Garcia,PrimeSoft,Central,Enterprise,2023-09-14,2023-12-14,114712.14,78,3.9,47,No,
C0704,Derek Martin,OmniCorp,South,Premium,2022-06-26,2023-07-26,227399.68,111,3.2,32,No,
C0705,Kevin Martinez,Acme Corp,West,Standard,2023-12-02,2026-03-15,156869.28,48,2.7,65,Yes,2026-02
C0706,Xena Smith,StarLink Technologies,North,Premium,2023-06-04,2023-08-21,176460.11,96,2.6,91,No,
C0707,Hannah Lee,TechVentures,North,Premium,2024-07-04,2026-01-05,85490.82,40,4.3,71,No,
C0708,Bob Kim,GlobalRetail,North,Premium,2024-06-08,2025-05-23,235421.71,90,2.9,15,No,
C0709,Vera Garcia,GlobalRetail,West,Standard,2024-06-28,2024-01-06,215683.24,100,4.5,21,Yes,2024-06
C0710,George Kim,BlueOcean Inc,Central,Premium,2024-10-11,2024-08-10,15737.34,109,3.7,71,No,
C0711,Beth Garcia,GreenField Ltd,Central,Standard,2023-12-24,2025-11-01,228796.55,88,4.4,23,Yes,2025-05
C0712,Vera Robinson,NexGen Systems,East,Standard,2022-04-23,2026-01-01,72971.37,19,4.8,42,No,
C0713,Quinn Robinson,ClearPath,East,Enterprise,2024-05-21,2026-01-08,247668.98,46,4.7,93,No,
C0714,Rachel Anderson,BlueOcean Inc,South,Standard,2024-10-11,2024-01-12,100040.98,7,2.6,77,No,
C0715,Steve Smith,DataBridge,North,Premium,2023-09-02,2023-09-13,180696.56,64,3.2,45,No,
C0716,Quinn Davis,ClearPath,South,Standard,2022-11-07,2026-03-10,147358.03,50,4.7,17,Yes,2025-08
C0717,Michael Kim,BlueOcean Inc,East,Enterprise,2022-11-12,2022-02-16,57066.56,51,3.3,31,No,
C0718,Fiona Wilson,TechVentures,West,Premium,2022-10-02,2023-11-19,177101.83,22,3.0,43,No,
C0719,Beth Lee,TechVentures,North,Standard,2022-10-02,2025-11-02,92261.53,3,4.1,84,No,
C0720,Nina Harris,AlphaCo,South,Enterprise,2022-02-13,2025-08-08,199671.69,81,4.8,51,No,
C0721,Kevin Jackson,BlueOcean Inc,Central,Standard,2024-08-11,2026-02-03,46893.02,97,4.0,69,No,
C0722,Michael Patel,NexGen Systems,South,Premium,2022-01-23,2023-08-12,91662.16,26,2.7,74,No,
C0723,Chloe Smith,ClearPath,Central,Enterprise,2023-02-03,2025-03-08,179855.09,73,2.5,39,No,
C0724,Fiona Lee,DataBridge,Central,Standard,2022-02-12,2026-01-17,145348.43,65,4.3,61,No,
C0725,Nina Lee,TechVentures,Central,Premium,2024-06-11,2026-05-03,183930.86,115,3.3,74,No,
C0726,Paula Kim,ClearPath,North,Premium,2024-01-23,2024-06-08,122293.8,100,4.5,92,No,
C0727,Carlos Martin,PrimeSoft,Central,Standard,2024-10-16,2024-09-09,86266.22,115,3.3,21,No,
C0728,Quinn Garcia,GlobalRetail,West,Enterprise,2022-03-18,2023-10-10,136480.37,83,4.8,44,No,
C0729,Ethan Patel,AlphaCo,North,Premium,2023-05-21,2024-12-05,231515.92,113,3.8,29,Yes,2025-10
C0730,Tina Nguyen,ClearPath,North,Standard,2024-11-24,2024-03-02,160340.75,9,3.2,34,No,
C0731,Ethan Garcia,ClearPath,West,Premium,2022-12-04,2023-06-23,52521.01,118,4.4,31,No,
C0732,Nina Martinez,Acme Corp,West,Premium,2022-01-22,2022-06-23,199296.56,32,4.8,71,No,
C0733,Laura Taylor,StarLink Technologies,North,Standard,2022-03-25,2022-11-01,164681.51,79,2.7,24,No,
C0734,Michael Robinson,Acme Corp,South,Standard,2024-04-04,2024-05-08,211325.98,97,3.9,50,Yes,2025-07
C0735,Fiona Garcia,StarLink Technologies,North,Standard,2022-02-14,2025-01-17,18689.89,54,3.9,62,No,
C0736,Nina Taylor,GreenField Ltd,North,Premium,2024-07-05,2024-10-17,202024.56,49,3.4,53,No,
C0737,Yusuf Davis,AlphaCo,North,Premium,2023-07-07,2025-10-25,51198.31,31,3.9,59,Yes,2026-05
C0738,Michael Kim,GreenField Ltd,South,Enterprise,2022-07-05,2025-02-03,77401.84,21,3.1,67,No,
C0739,Derek Martinez,DataBridge,Central,Standard,2023-11-05,2023-11-17,213286.84,84,4.7,20,No,
C0740,Paula Robinson,DataBridge,Central,Enterprise,2024-07-05,2026-02-24,81228.05,108,4.3,99,No,
C0741,Vera Taylor,AlphaCo,South,Premium,2023-04-05,2025-08-06,222796.04,88,2.6,83,No,
C0742,Hannah Davis,NexGen Systems,North,Standard,2022-02-03,2024-11-17,127379.52,6,3.4,49,No,
C0743,Oscar Taylor,ClearPath,Central,Standard,2023-06-26,2026-04-19,179466.05,95,4.5,49,No,
C0744,Chloe Martinez,NexGen Systems,East,Standard,2023-06-19,2026-03-13,99731.51,96,4.0,79,No,
C0745,Zara Johnson,PrimeSoft,South,Standard,2022-02-06,2024-05-12,10420.87,92,4.8,88,No,
C0746,Aaron Robinson,AlphaCo,Central,Enterprise,2023-03-25,2026-05-05,84158.64,50,3.9,65,No,
C0747,Oscar Kim,TechVentures,South,Enterprise,2023-03-08,2025-12-19,246888.29,37,3.0,30,No,
C0748,Julia Patel,DataBridge,East,Standard,2024-04-08,2024-07-27,33504.26,102,3.3,54,Yes,2024-08
C0749,Steve Thomas,NexGen Systems,West,Premium,2024-01-01,2026-01-16,235335.94,108,3.4,36,No,
C0750,Diana Johnson,BlueOcean Inc,Central,Premium,2024-05-11,2024-04-12,204833.14,87,3.2,37,No,
C0751,Chloe Harris,GreenField Ltd,East,Premium,2024-11-22,2025-01-04,126818.92,85,4.9,97,No,
C0752,Vera Smith,ClearPath,Central,Premium,2023-12-27,2024-04-15,118385.78,19,3.9,66,No,
C0753,Nina Nguyen,NexGen Systems,West,Enterprise,2023-01-21,2023-11-23,92491.93,22,4.5,83,No,
C0754,Derek Anderson,BlueOcean Inc,Central,Standard,2022-01-01,2023-08-28,172192.52,96,2.8,54,Yes,2025-11
C0755,Beth Nguyen,TechVentures,West,Enterprise,2023-04-19,2023-04-25,102509.02,106,4.1,26,No,
C0756,Fiona Patel,NexGen Systems,North,Enterprise,2024-06-12,2026-02-17,195013.53,25,4.8,18,No,
C0757,Fiona Thompson,ClearPath,West,Standard,2023-03-24,2025-10-12,207675.51,113,4.1,42,No,
C0758,Ethan Kim,GlobalRetail,West,Premium,2024-04-17,2026-05-06,5348.92,49,4.6,43,No,
C0759,Hannah Garcia,NexGen Systems,West,Premium,2024-06-02,2025-07-03,227312.51,73,4.9,20,No,
C0760,Michael Robinson,GreenField Ltd,North,Standard,2022-04-13,2022-02-01,125391.09,22,3.5,60,No,
C0761,Aaron Martin,NexGen Systems,Central,Standard,2024-03-23,2024-08-22,199470.18,83,3.6,48,No,
C0762,Ivan Taylor,GreenField Ltd,South,Premium,2023-03-05,2024-04-23,245705.55,21,4.9,80,Yes,2024-10
C0763,Julia Davis,GlobalRetail,East,Standard,2024-12-19,2024-12-27,167925.99,90,4.1,38,Yes,2025-07
C0764,Bob Taylor,GlobalRetail,Central,Standard,2023-04-12,2023-07-08,209113.45,84,4.5,76,No,
C0765,Hannah Johnson,DataBridge,North,Premium,2023-07-22,2026-03-04,207779.92,3,3.7,55,No,
C0766,Rachel Wilson,TechVentures,Central,Premium,2022-11-03,2023-07-06,103316.7,10,3.8,51,No,
C0767,Hannah Thompson,ClearPath,West,Standard,2023-02-11,2025-08-02,93575.37,35,3.9,37,No,
C0768,Vera Johnson,BlueOcean Inc,North,Premium,2024-05-03,2024-10-25,229986.44,46,3.3,49,Yes,2026-01
C0769,Steve Taylor,StarLink Technologies,South,Standard,2023-09-16,2025-03-02,121904.29,3,4.5,17,No,
C0770,Nina Kim,DataBridge,North,Enterprise,2024-08-04,2024-12-22,27002.32,42,2.7,40,No,
C0771,Yusuf Thomas,StarLink Technologies,West,Premium,2024-11-15,2025-01-19,238948.31,63,3.0,36,No,
C0772,Chloe White,NexGen Systems,North,Standard,2022-03-15,2025-11-25,11938.0,46,4.2,82,No,
C0773,Paula Martin,PrimeSoft,East,Premium,2024-04-21,2026-05-23,174777.37,28,2.8,26,No,
C0774,Michael Martinez,AlphaCo,South,Enterprise,2024-11-24,2026-03-06,62127.84,21,2.6,30,No,
C0775,Laura Smith,BlueOcean Inc,West,Standard,2023-05-19,2026-03-16,6687.48,9,2.5,68,No,
C0776,Oscar Taylor,AlphaCo,East,Premium,2023-08-13,2025-10-15,150306.04,42,4.7,26,No,
C0777,George Taylor,BlueOcean Inc,West,Standard,2022-05-28,2024-01-01,104642.98,48,3.3,43,No,
C0778,Bob Thompson,ClearPath,West,Standard,2024-07-20,2024-08-15,24374.15,115,4.1,98,No,
C0779,Steve Taylor,NexGen Systems,East,Premium,2024-06-19,2025-12-01,48915.33,47,2.8,82,Yes,2026-05
C0780,Nina Nguyen,PrimeSoft,East,Premium,2022-06-20,2024-09-20,213235.04,110,3.9,57,No,
C0781,Laura Wilson,PrimeSoft,West,Premium,2023-05-28,2025-12-08,80310.93,35,4.5,54,No,
C0782,Michael Thompson,StarLink Technologies,Central,Premium,2024-04-27,2026-03-09,146688.23,39,3.1,49,No,
C0783,Ivan Smith,OmniCorp,Central,Enterprise,2022-01-19,2024-09-14,36434.41,95,3.7,42,No,
C0784,Vera Martin,DataBridge,Central,Standard,2023-02-08,2024-02-01,249438.06,100,3.9,31,Yes,2024-02
C0785,Beth White,Acme Corp,West,Premium,2024-06-07,2025-11-23,197170.41,50,3.3,89,No,
C0786,Yusuf Garcia,Acme Corp,South,Enterprise,2023-05-19,2026-03-13,232580.6,21,4.3,43,No,
C0787,Aaron Smith,GlobalRetail,East,Enterprise,2022-04-24,2025-06-28,101403.16,48,3.8,91,No,
C0788,Kevin Thompson,BlueOcean Inc,West,Standard,2024-07-26,2024-10-20,58508.22,11,3.2,61,No,
C0789,George Davis,ClearPath,East,Premium,2022-02-03,2023-09-18,95891.72,116,3.0,38,Yes,2026-05
C0790,Nina Kim,DataBridge,South,Enterprise,2022-04-10,2025-05-06,69955.17,29,4.1,17,No,
C0791,Vera Jackson,ClearPath,Central,Premium,2024-12-22,2026-04-26,206280.83,109,2.6,85,No,
C0792,Umar Martinez,ClearPath,South,Standard,2023-07-25,2023-03-26,165185.56,85,4.2,77,No,
C0793,Julia Johnson,GreenField Ltd,East,Enterprise,2022-05-07,2024-01-05,60953.32,104,4.5,61,No,
C0794,Fiona Kim,OmniCorp,Central,Standard,2023-07-11,2024-08-25,87509.65,114,4.4,35,Yes,2024-09
C0795,Ethan Robinson,NexGen Systems,North,Enterprise,2022-06-13,2026-01-07,55080.74,4,3.1,43,No,
C0796,Nina Jackson,GreenField Ltd,North,Standard,2022-11-14,2025-06-27,7623.01,112,3.6,76,No,
C0797,Laura Martinez,NexGen Systems,North,Enterprise,2024-06-07,2024-02-06,228007.62,97,4.0,48,No,
C0798,Fiona Brown,Acme Corp,South,Premium,2022-01-05,2026-03-15,21684.84,105,4.0,17,Yes,2026-02
C0799,Fiona Garcia,AlphaCo,North,Standard,2022-08-27,2025-05-22,221358.97,62,4.3,28,No,
C0800,Paula White,BlueOcean Inc,East,Premium,2024-10-28,2024-05-02,99647.75,84,3.9,83,No,
C0801,Oscar Garcia,DataBridge,West,Standard,2023-09-28,2023-03-05,82581.18,8,4.5,89,No,
C0802,Kevin Taylor,PrimeSoft,Central,Premium,2023-09-24,2024-04-16,66030.42,27,3.6,24,No,
C0803,Diana Garcia,TechVentures,North,Standard,2022-09-15,2026-01-08,175737.82,91,3.9,93,Yes,2024-08
C0804,Beth Patel,GreenField Ltd,East,Standard,2024-04-20,2024-06-04,149000.45,82,4.0,60,Yes,2025-12
C0805,Chloe Lee,GreenField Ltd,North,Enterprise,2022-08-13,2024-04-08,141601.3,26,2.9,61,No,
C0806,Ethan Garcia,TechVentures,West,Enterprise,2024-06-22,2025-10-21,98712.53,27,4.8,15,No,
C0807,Aaron Nguyen,NexGen Systems,East,Premium,2023-01-10,2026-05-20,147127.1,45,2.5,74,Yes,2026-05
C0808,Fiona Smith,BlueOcean Inc,Central,Standard,2024-11-12,2024-10-25,219364.21,27,4.5,72,No,
C0809,Tina Kim,PrimeSoft,West,Standard,2022-03-20,2024-07-08,70661.83,60,4.8,75,No,
C0810,Fiona Kim,BlueOcean Inc,Central,Enterprise,2023-02-13,2025-09-03,39731.17,80,2.8,98,No,
C0811,Xena Kim,GlobalRetail,Central,Premium,2022-06-28,2025-04-02,42150.52,43,3.3,100,No,
C0812,Michael Brown,PrimeSoft,South,Premium,2024-03-21,2025-03-27,157493.63,40,4.2,38,Yes,2025-02
C0813,Kevin Davis,StarLink Technologies,Central,Enterprise,2024-09-11,2024-04-07,182343.58,31,4.1,20,No,
C0814,Steve Martin,NexGen Systems,South,Enterprise,2024-02-06,2024-02-27,47359.46,12,3.4,52,No,
C0815,Derek Lee,ClearPath,East,Premium,2023-09-14,2026-04-10,223939.23,16,4.4,29,No,
C0816,Ivan Martin,OmniCorp,North,Premium,2023-03-27,2023-01-26,100125.45,75,4.8,78,No,
C0817,Quinn White,NexGen Systems,East,Premium,2024-07-21,2025-05-28,102827.47,42,4.4,30,No,
C0818,Xena Garcia,NexGen Systems,East,Standard,2022-10-05,2025-03-06,23400.41,26,2.5,23,Yes,2024-10
C0819,Ivan Martin,NexGen Systems,North,Premium,2023-09-19,2023-02-16,216361.71,60,2.9,67,No,
C0820,Tina Robinson,AlphaCo,Central,Standard,2022-11-06,2026-02-04,185162.18,5,2.6,70,No,
C0821,Alice Kim,ClearPath,North,Enterprise,2023-04-24,2024-09-11,52380.99,53,3.0,27,Yes,2026-01
C0822,Kevin Kim,AlphaCo,South,Standard,2022-09-23,2022-06-18,173832.55,56,4.6,93,No,
C0823,Yusuf Thompson,StarLink Technologies,North,Enterprise,2023-09-23,2026-02-27,117060.22,58,4.8,44,No,
C0824,Rachel Nguyen,OmniCorp,Central,Standard,2024-04-07,2025-07-24,25408.94,46,4.1,95,No,
C0825,Derek Taylor,GlobalRetail,West,Premium,2022-07-18,2024-02-01,243421.14,27,2.9,79,No,
C0826,George Brown,ClearPath,Central,Enterprise,2024-09-28,2026-02-12,224939.32,62,4.3,23,No,
C0827,Kevin Smith,PrimeSoft,West,Premium,2022-11-02,2025-11-24,95707.35,77,2.9,96,No,
C0828,Rachel Harris,TechVentures,East,Premium,2022-10-05,2025-10-15,239348.01,17,3.7,79,No,
C0829,Laura Thompson,PrimeSoft,Central,Standard,2024-04-18,2026-03-12,166881.58,25,4.3,17,No,
C0830,Aaron Garcia,ClearPath,West,Premium,2024-07-18,2025-03-20,218120.01,76,4.6,32,No,
C0831,George Wilson,StarLink Technologies,Central,Standard,2022-06-11,2023-10-09,169434.81,83,4.1,71,No,
C0832,Chloe Garcia,StarLink Technologies,Central,Enterprise,2023-11-16,2024-10-14,108647.58,41,2.7,71,No,
C0833,Michael White,Acme Corp,Central,Enterprise,2024-08-10,2026-04-09,141991.74,90,4.0,88,No,
C0834,Ivan Johnson,OmniCorp,South,Standard,2024-05-04,2025-08-08,75798.94,61,3.8,95,No,
C0835,Michael Thompson,OmniCorp,Central,Enterprise,2023-05-25,2023-05-10,82429.09,104,4.0,99,No,
C0836,Zara Taylor,Acme Corp,East,Standard,2022-01-06,2025-03-15,14575.71,54,3.2,92,No,
C0837,Alice Martin,GlobalRetail,East,Premium,2023-06-17,2023-04-01,141289.08,72,3.9,39,No,
C0838,Zara Patel,BlueOcean Inc,West,Premium,2024-09-08,2026-05-24,121063.07,109,4.6,28,No,
C0839,Nina Brown,Acme Corp,South,Standard,2023-06-01,2023-01-07,16251.45,47,4.3,66,Yes,2026-03
C0840,Umar Nguyen,Acme Corp,East,Premium,2022-09-09,2026-02-27,112377.36,72,4.2,52,No,
C0841,Steve Patel,OmniCorp,West,Standard,2022-11-04,2026-04-06,106539.12,85,4.5,18,Yes,2024-07
C0842,Laura Lee,Acme Corp,South,Premium,2023-05-09,2024-10-20,234844.91,53,3.7,100,No,
C0843,Nina Martin,PrimeSoft,East,Enterprise,2022-07-05,2023-02-11,227989.49,81,4.0,76,No,
C0844,Derek Thomas,GlobalRetail,South,Standard,2022-02-20,2022-06-08,57786.44,84,4.1,52,No,
C0845,Alice Davis,GreenField Ltd,East,Premium,2023-05-18,2025-11-26,84791.67,79,3.1,70,No,
C0846,Diana Brown,OmniCorp,South,Premium,2023-02-05,2025-06-24,90186.05,16,2.9,91,Yes,2026-02
C0847,Michael Garcia,DataBridge,South,Standard,2022-12-25,2025-04-25,161822.66,84,4.9,78,Yes,2025-09
C0848,Umar Martin,ClearPath,South,Standard,2024-06-23,2026-03-18,84557.38,26,4.0,54,No,
C0849,Aaron Anderson,GlobalRetail,East,Enterprise,2022-09-11,2025-06-20,25588.18,11,2.6,21,No,
C0850,Umar Patel,BlueOcean Inc,East,Standard,2023-08-15,2025-05-16,61428.66,49,4.1,60,No,
C0851,Julia Jackson,OmniCorp,East,Enterprise,2023-02-12,2025-12-26,245095.66,61,3.0,52,No,
C0852,Tina Nguyen,Acme Corp,East,Premium,2024-09-01,2024-04-04,134813.53,56,2.7,23,No,
C0853,Hannah Harris,StarLink Technologies,South,Premium,2022-09-16,2026-05-06,203960.84,74,2.7,37,No,
C0854,Paula Nguyen,Acme Corp,East,Standard,2023-03-11,2023-06-06,34945.65,91,3.3,56,No,
C0855,George Martinez,ClearPath,South,Premium,2024-01-04,2026-05-28,31308.08,57,4.2,39,No,
C0856,Beth Taylor,GreenField Ltd,North,Standard,2023-12-13,2024-10-26,102385.17,11,5.0,43,No,
C0857,Michael Garcia,StarLink Technologies,Central,Standard,2023-11-26,2026-03-11,17901.28,78,3.9,18,No,
C0858,Diana Patel,OmniCorp,Central,Standard,2023-04-19,2023-09-08,209001.78,90,4.3,35,Yes,2024-09
C0859,Tina Thomas,DataBridge,Central,Premium,2023-03-21,2025-07-09,185350.03,68,4.4,53,No,
C0860,Chloe Robinson,ClearPath,West,Standard,2023-03-18,2025-08-11,160601.81,76,3.4,81,Yes,2026-01
C0861,Aaron Thompson,Acme Corp,South,Enterprise,2023-12-19,2026-05-20,166781.63,87,4.6,24,No,
C0862,Julia Harris,OmniCorp,South,Standard,2023-02-15,2023-06-25,147246.88,41,4.8,48,No,
C0863,Zara Lee,AlphaCo,South,Premium,2022-09-13,2026-01-03,49645.18,30,4.1,41,No,
C0864,Kevin Thomas,OmniCorp,North,Standard,2024-04-20,2025-09-03,72400.05,120,3.3,16,No,
C0865,Alice Robinson,DataBridge,Central,Standard,2022-02-15,2025-10-02,95749.6,21,3.9,69,No,
C0866,Steve Nguyen,NexGen Systems,East,Enterprise,2024-06-24,2026-05-25,10063.54,95,3.7,16,No,
C0867,Vera Martinez,NexGen Systems,South,Standard,2022-12-24,2022-02-19,64077.12,77,2.7,46,No,
C0868,Rachel Garcia,StarLink Technologies,West,Premium,2024-06-12,2024-04-24,109515.02,76,2.6,82,No,
C0869,Rachel Lee,OmniCorp,North,Enterprise,2023-01-05,2025-04-23,117954.44,54,2.7,58,No,
C0870,Zara Harris,GreenField Ltd,South,Premium,2023-03-15,2023-04-23,90426.34,95,4.0,87,No,
C0871,Laura Brown,StarLink Technologies,North,Standard,2024-06-18,2025-07-03,94845.92,40,3.6,46,Yes,2025-07
C0872,Aaron Taylor,NexGen Systems,Central,Premium,2022-06-12,2022-02-13,76093.44,53,4.9,93,Yes,2024-09
C0873,Derek Brown,GreenField Ltd,West,Enterprise,2022-03-18,2026-04-25,164288.44,55,2.5,46,No,
C0874,Quinn Johnson,PrimeSoft,East,Premium,2024-11-14,2024-01-04,157745.7,92,3.7,56,No,
C0875,George Martinez,OmniCorp,East,Premium,2023-01-12,2023-01-07,168973.31,72,2.5,77,No,
C0876,Alice Davis,GlobalRetail,West,Premium,2023-03-28,2023-05-21,68494.95,37,3.6,82,No,
C0877,Hannah Thompson,BlueOcean Inc,South,Standard,2024-07-19,2024-07-16,103522.33,91,4.4,99,No,
C0878,Umar Smith,StarLink Technologies,South,Enterprise,2024-05-20,2026-04-25,71057.49,43,4.4,59,No,
C0879,William Brown,BlueOcean Inc,Central,Standard,2023-03-28,2026-01-15,70141.1,28,2.6,69,No,
C0880,Rachel Lee,TechVentures,West,Standard,2023-12-25,2023-04-10,237042.2,78,3.8,81,No,
C0881,Quinn White,NexGen Systems,Central,Premium,2024-12-12,2026-02-24,62338.92,54,3.2,75,No,
C0882,Aaron Davis,TechVentures,South,Standard,2024-01-20,2024-06-07,130599.52,84,4.7,17,No,
C0883,Ethan Taylor,GlobalRetail,East,Premium,2022-01-09,2022-11-28,46744.49,114,3.1,25,No,
C0884,Xena Anderson,GreenField Ltd,West,Enterprise,2023-05-03,2023-01-23,174084.61,91,4.0,49,No,
C0885,George Kim,AlphaCo,East,Standard,2022-09-21,2022-01-20,123266.69,81,3.3,96,No,
C0886,Ethan Davis,OmniCorp,West,Enterprise,2024-12-18,2025-03-24,100494.77,35,4.7,88,No,
C0887,Fiona Kim,BlueOcean Inc,North,Standard,2023-03-06,2025-01-09,208933.52,91,4.1,42,No,
C0888,Diana Lee,OmniCorp,Central,Enterprise,2022-05-13,2026-04-04,173447.86,30,2.6,16,No,
C0889,Michael Jackson,ClearPath,South,Enterprise,2022-01-02,2026-03-25,199143.51,53,4.7,68,No,
C0890,Carlos Thompson,BlueOcean Inc,South,Premium,2024-10-01,2024-06-15,121570.04,43,2.6,27,No,
C0891,Ethan Martinez,StarLink Technologies,North,Enterprise,2023-04-20,2026-01-07,189395.63,7,4.1,36,No,
C0892,Diana Nguyen,OmniCorp,West,Standard,2024-09-16,2024-11-13,126425.49,26,2.8,47,No,
C0893,Derek Davis,ClearPath,West,Standard,2023-02-19,2024-09-26,248238.45,11,3.7,15,No,
C0894,Julia Brown,PrimeSoft,North,Standard,2022-04-25,2024-05-28,197697.03,118,2.8,61,Yes,2026-04
C0895,Alice Garcia,BlueOcean Inc,South,Premium,2024-05-25,2024-03-24,228896.29,88,4.3,89,No,
C0896,Xena Jackson,GreenField Ltd,South,Premium,2022-04-22,2023-07-21,158249.93,43,2.7,31,No,
C0897,Carlos Jackson,StarLink Technologies,East,Standard,2022-11-05,2024-06-27,174550.24,77,3.9,29,No,
C0898,Ethan Lee,TechVentures,Central,Standard,2023-09-19,2023-03-26,110317.43,115,3.5,51,No,
C0899,Zara Martin,PrimeSoft,East,Premium,2023-09-22,2026-02-07,118584.2,10,4.8,79,No,
C0900,Julia Jackson,AlphaCo,North,Premium,2022-08-27,2026-01-19,31836.19,7,3.7,94,No,
C0901,Ethan Johnson,PrimeSoft,East,Enterprise,2023-10-24,2024-07-20,240677.2,83,2.8,40,No,
C0902,Hannah Davis,OmniCorp,East,Premium,2023-08-02,2024-02-08,145650.64,70,3.5,50,No,
C0903,Ethan Smith,GlobalRetail,North,Standard,2022-12-24,2025-11-24,41354.18,4,3.4,57,Yes,2024-04
C0904,Alice Patel,Acme Corp,North,Premium,2023-04-26,2025-12-23,248545.66,61,3.1,29,No,
C0905,Alice Harris,OmniCorp,Central,Standard,2024-02-04,2025-02-13,200588.7,5,3.9,26,No,
C0906,Yusuf Garcia,NexGen Systems,South,Standard,2022-08-24,2026-05-25,146406.57,61,4.4,94,Yes,2024-09
C0907,Zara Martinez,AlphaCo,Central,Standard,2022-09-14,2025-05-13,65011.24,9,2.6,91,No,
C0908,Steve Harris,AlphaCo,South,Premium,2022-02-24,2023-08-03,232744.43,69,4.7,55,Yes,2026-05
C0909,Umar Anderson,ClearPath,East,Premium,2022-10-26,2024-03-01,51332.58,36,4.5,100,Yes,2026-05
C0910,Laura Nguyen,BlueOcean Inc,South,Premium,2023-01-15,2025-07-19,153766.34,35,3.2,49,No,
C0911,Nina Jackson,GlobalRetail,North,Enterprise,2024-03-09,2026-01-26,39123.39,101,3.8,26,No,
C0912,Ethan Garcia,DataBridge,South,Premium,2024-05-01,2024-07-05,13251.77,47,3.8,23,No,
C0913,William Martinez,GlobalRetail,West,Premium,2023-11-07,2026-03-06,238003.57,31,3.4,73,Yes,2025-02
C0914,Fiona Robinson,TechVentures,Central,Standard,2024-12-11,2024-09-04,173221.57,11,4.1,95,No,
C0915,Laura Thompson,Acme Corp,East,Standard,2023-02-02,2023-08-20,47358.8,10,3.2,67,Yes,2024-03
C0916,Rachel Brown,OmniCorp,South,Premium,2022-02-24,2023-04-05,144110.59,83,3.6,59,Yes,2024-11
C0917,Chloe Davis,OmniCorp,East,Enterprise,2024-07-14,2025-04-27,194116.45,96,4.8,48,No,
C0918,Xena Patel,AlphaCo,South,Standard,2023-07-08,2025-07-27,241766.25,16,4.1,57,No,
C0919,Laura White,ClearPath,South,Standard,2023-08-28,2024-05-08,90681.97,56,2.7,67,No,
C0920,Fiona Martinez,TechVentures,South,Standard,2024-03-13,2025-01-17,101036.23,56,4.3,64,No,
C0921,Derek Taylor,GlobalRetail,South,Premium,2022-10-15,2025-09-15,130106.0,111,3.2,94,No,
C0922,Oscar Johnson,DataBridge,South,Standard,2024-04-12,2024-01-14,243866.97,16,4.5,53,No,
C0923,Paula Wilson,GlobalRetail,South,Premium,2023-04-10,2023-05-24,107722.65,97,4.4,85,No,
C0924,Diana Garcia,TechVentures,East,Standard,2023-05-20,2025-03-12,67910.59,103,2.9,66,No,
C0925,Ivan Wilson,DataBridge,North,Standard,2022-11-23,2026-04-25,52913.37,73,2.7,33,No,
C0926,Alice Thomas,NexGen Systems,East,Premium,2024-10-26,2025-09-28,216680.02,106,2.9,23,No,
C0927,Ivan Thompson,PrimeSoft,Central,Enterprise,2023-07-09,2023-06-28,29093.2,15,5.0,38,No,
C0928,Aaron Anderson,AlphaCo,South,Standard,2023-02-26,2024-04-28,12180.36,93,3.5,54,No,
C0929,Quinn Thomas,Acme Corp,South,Premium,2022-12-24,2026-04-02,246926.3,28,2.9,40,No,
C0930,Oscar Martin,StarLink Technologies,Central,Standard,2022-02-03,2024-01-01,56414.87,120,4.8,29,Yes,2026-04
C0931,Xena Lee,StarLink Technologies,West,Standard,2024-07-02,2026-01-21,190629.25,116,4.8,60,No,
C0932,Tina Patel,ClearPath,Central,Premium,2024-11-10,2026-04-27,133351.46,114,3.4,16,No,
C0933,Carlos Nguyen,GreenField Ltd,East,Premium,2024-03-23,2024-01-16,231042.87,74,3.8,71,No,
C0934,Alice White,GlobalRetail,West,Standard,2022-12-08,2025-02-14,30916.99,6,3.9,80,Yes,2026-04
C0935,Aaron Garcia,GlobalRetail,South,Standard,2024-11-13,2025-08-16,194849.01,71,3.0,58,No,
C0936,Bob Jackson,PrimeSoft,Central,Standard,2022-03-26,2024-09-01,170065.42,94,3.9,60,No,
C0937,Quinn Patel,Acme Corp,South,Standard,2024-05-07,2024-04-13,241182.15,23,4.9,30,No,
C0938,Bob Taylor,StarLink Technologies,West,Standard,2023-05-13,2026-01-13,201207.52,90,4.2,23,No,
C0939,William Lee,NexGen Systems,Central,Standard,2023-12-24,2024-02-11,18455.08,17,4.6,53,No,
C0940,Michael Johnson,Acme Corp,West,Standard,2022-04-12,2022-11-17,192876.72,117,4.5,51,No,
C0941,William Lee,StarLink Technologies,Central,Standard,2024-03-10,2026-03-17,21159.81,6,2.5,28,No,
C0942,Tina Johnson,Acme Corp,East,Standard,2022-03-04,2024-02-13,121686.44,49,4.4,85,No,
C0943,William Wilson,PrimeSoft,South,Premium,2024-06-08,2025-09-03,27900.74,44,2.5,30,No,
C0944,Ivan White,PrimeSoft,East,Standard,2022-08-17,2026-04-28,239993.27,43,3.7,85,No,
C0945,Xena Lee,GlobalRetail,Central,Standard,2023-08-11,2023-03-08,150107.46,100,3.9,79,Yes,2025-05
C0946,Ethan Taylor,DataBridge,North,Standard,2024-08-06,2024-12-13,9620.89,40,4.5,70,No,
C0947,Aaron Anderson,AlphaCo,West,Standard,2023-03-02,2025-02-15,29927.68,61,3.0,79,No,
C0948,Laura Taylor,AlphaCo,West,Premium,2024-04-16,2026-01-07,28937.14,43,3.3,44,No,
C0949,Yusuf Kim,GreenField Ltd,East,Standard,2023-09-28,2025-12-15,169571.14,52,2.6,87,Yes,2025-07
C0950,Vera Harris,PrimeSoft,South,Standard,2022-09-17,2024-01-15,107071.77,35,2.8,72,No,
C0951,Michael Nguyen,GlobalRetail,West,Standard,2024-04-11,2024-12-18,241889.31,54,3.7,32,No,
C0952,Ethan Nguyen,OmniCorp,West,Standard,2023-10-02,2026-01-26,69495.33,120,4.8,65,No,
C0953,Hannah Kim,Acme Corp,East,Standard,2022-05-01,2024-01-22,133582.44,109,4.0,33,No,
C0954,Steve Thomas,ClearPath,North,Standard,2023-10-28,2026-04-09,195245.36,43,3.0,98,No,
C0955,Nina Jackson,Acme Corp,West,Premium,2023-08-23,2025-06-09,43902.38,111,2.7,18,No,
C0956,Zara Harris,AlphaCo,South,Standard,2023-04-28,2026-02-15,183517.47,26,2.6,37,No,
C0957,Umar Garcia,GreenField Ltd,North,Enterprise,2022-08-27,2024-11-16,109351.96,18,4.9,28,No,
C0958,Bob Wilson,GlobalRetail,Central,Standard,2023-02-10,2025-09-13,146395.5,32,2.6,37,No,
C0959,Aaron Thomas,StarLink Technologies,North,Premium,2022-03-01,2023-12-14,248750.94,75,4.5,16,Yes,2025-03
C0960,Vera Taylor,AlphaCo,West,Standard,2022-07-18,2022-02-15,118815.51,116,4.4,42,No,
C0961,Carlos Taylor,NexGen Systems,West,Standard,2022-06-22,2022-01-10,147909.12,29,3.0,73,No,
C0962,Derek Davis,PrimeSoft,Central,Premium,2022-08-06,2026-03-26,113682.31,33,4.8,15,No,
C0963,Steve Patel,ClearPath,West,Standard,2023-05-02,2024-06-20,183489.26,107,5.0,56,Yes,2026-02
C0964,Xena Robinson,NexGen Systems,South,Premium,2022-08-06,2026-01-06,224227.88,18,4.6,43,No,
C0965,Bob Wilson,StarLink Technologies,West,Enterprise,2023-12-14,2026-04-21,86126.28,24,3.6,36,No,
C0966,Julia Anderson,NexGen Systems,Central,Premium,2024-12-21,2026-03-01,115897.67,3,3.8,84,No,
C0967,Aaron Smith,PrimeSoft,West,Standard,2023-01-06,2023-09-01,167951.3,16,3.9,36,No,
C0968,Fiona Kim,TechVentures,East,Standard,2023-04-20,2023-05-09,137842.41,119,2.6,43,Yes,2024-06
C0969,George Brown,NexGen Systems,South,Enterprise,2022-04-12,2022-01-05,203348.94,118,4.1,57,No,
C0970,Bob Lee,StarLink Technologies,South,Standard,2023-06-26,2023-04-28,104180.93,67,4.5,86,No,
C0971,Zara Nguyen,StarLink Technologies,South,Standard,2022-04-06,2024-04-13,230188.42,78,3.6,15,No,
C0972,Alice Anderson,StarLink Technologies,Central,Standard,2022-02-05,2024-05-03,44614.61,77,2.6,57,No,
C0973,Michael Martinez,StarLink Technologies,Central,Standard,2022-02-05,2023-08-13,53531.54,64,3.6,90,No,
C0974,Fiona Johnson,Acme Corp,West,Enterprise,2023-11-03,2024-08-11,157422.86,104,2.7,31,No,
C0975,Oscar Johnson,ClearPath,South,Enterprise,2023-04-24,2026-02-14,214467.87,38,3.7,34,No,
C0976,Quinn Taylor,AlphaCo,West,Enterprise,2022-12-01,2026-04-04,114899.37,101,3.1,15,No,
C0977,Fiona Martin,AlphaCo,East,Standard,2023-01-07,2024-12-04,20384.68,91,3.1,57,No,
C0978,Kevin Lee,AlphaCo,South,Standard,2022-02-19,2022-05-08,168216.64,9,3.8,71,No,
C0979,Steve Jackson,DataBridge,South,Premium,2024-03-12,2026-03-28,37166.61,14,3.8,45,No,
C0980,Ivan Martinez,ClearPath,Central,Standard,2024-03-24,2024-05-25,137969.23,66,2.6,78,No,
C0981,Aaron Thompson,NexGen Systems,South,Standard,2022-10-19,2026-04-12,28342.38,114,4.0,22,No,
C0982,Oscar Martin,DataBridge,East,Standard,2023-01-17,2025-11-17,197474.49,48,4.3,82,Yes,2026-05
C0983,Fiona Martinez,ClearPath,West,Standard,2023-03-13,2024-01-24,129439.27,53,3.7,99,No,
C0984,Fiona Anderson,AlphaCo,South,Standard,2024-06-24,2025-02-26,148472.55,24,3.9,37,No,
C0985,Laura Smith,TechVentures,Central,Enterprise,2024-11-21,2025-03-25,221316.13,41,3.6,85,No,
C0986,Steve Davis,GlobalRetail,North,Enterprise,2022-03-08,2024-02-10,144584.24,25,4.0,16,No,
C0987,Umar Thomas,PrimeSoft,South,Standard,2023-01-05,2026-04-01,69257.67,109,4.7,21,No,
C0988,Laura Thomas,NexGen Systems,South,Enterprise,2023-11-02,2023-12-08,155558.19,9,4.3,25,No,
C0989,Hannah Anderson,NexGen Systems,Central,Standard,2022-03-10,2025-02-03,237661.24,31,3.5,15,No,
C0990,Nina Smith,OmniCorp,South,Premium,2024-01-11,2025-05-13,32169.83,90,4.4,22,No,
C0991,Nina Garcia,PrimeSoft,East,Premium,2024-12-12,2024-01-19,84763.28,62,2.9,49,No,
C0992,Oscar Thomas,DataBridge,South,Standard,2024-02-07,2024-07-04,8045.55,104,4.0,51,No,
C0993,Nina Wilson,GlobalRetail,South,Standard,2023-06-09,2025-02-24,53173.71,25,3.7,99,No,
C0994,Quinn Anderson,GreenField Ltd,West,Standard,2022-07-28,2023-05-20,76617.78,82,4.9,50,No,
C0995,Zara Johnson,GreenField Ltd,East,Standard,2022-09-18,2025-01-03,209793.89,66,4.0,87,Yes,2025-12
C0996,Fiona Patel,GlobalRetail,East,Standard,2023-05-09,2025-02-25,126571.51,31,3.2,69,No,
C0997,Zara Nguyen,OmniCorp,West,Standard,2023-10-25,2023-03-12,219165.89,101,3.8,43,No,
C0998,Yusuf Garcia,PrimeSoft,Central,Standard,2023-12-15,2024-04-17,111298.99,93,3.2,98,Yes,2024-10
C0999,Kevin Brown,OmniCorp,East,Standard,2023-08-24,2025-03-03,100749.63,38,3.1,90,No,
C1000,Aaron Patel,StarLink Technologies,South,Premium,2022-05-22,2025-01-10,124738.54,85,4.1,27,No,
