forecast_month,region,product_id,product,predicted_revenue,predicted_profit,growth_percent,confidence,lower_bound,upper_bound,forecast_reason
2026-06,North,P001,CloudSync Pro,73091.7,47509.61,14.0,88,65782.53,80400.87,Holiday budget allocation expected to boost sales
2026-06,North,P002,DataVault Enterprise,145625.56,90287.85,8.0,84,131063.0,160188.12,Supplier delay resolved -- full inventory restored
2026-06,North,P003,NetShield Plus,48970.5,34279.35,11.5,92,44073.45,53867.55,YoY growth trajectory maintained from 2025 H2
2026-06,North,P004,AnalyticsEdge,92202.28,55321.37,5.6,85,82982.05,101422.51,Marketing campaigns scheduled for Q4 2026
2026-06,North,P005,ConnectBridge,58299.38,39643.58,13.0,96,52469.44,64129.32,Back-to-school and IT procurement cycle
2026-06,North,P006,StorageMax HDD,199817.47,89917.86,13.6,97,179835.72,219799.22,Expected recovery following May 2026 stockout resolution
2026-06,North,P007,ServerLink X1,319930.82,127972.33,6.1,94,287937.74,351923.9,Expected recovery following May 2026 stockout resolution
2026-06,North,P008,CyberAudit Suite,117903.42,84890.46,12.3,95,106113.08,129693.76,Optimistic estimate based on South expansion momentum
2026-06,North,P009,WorkflowPro,48780.67,32683.05,13.8,76,43902.6,53658.74,Marketing campaigns scheduled for Q4 2026
2026-06,North,P010,InsightDash,81883.11,51586.36,10.8,90,73694.8,90071.42,Expected recovery following May 2026 stockout resolution
2026-06,North,P011,APIGateway Pro,63375.24,43728.92,8.7,82,57037.72,69712.76,Post-Q2 recovery driven by H2 seasonality
2026-06,North,P012,BackupCloud Ultra,39111.1,27768.88,10.3,89,35199.99,43022.21,Supplier delay resolved -- full inventory restored
2026-06,South,P001,CloudSync Pro,67423.59,43825.33,14.2,83,60681.23,74165.95,Supplier delay resolved -- full inventory restored
2026-06,South,P002,DataVault Enterprise,126955.02,78712.11,7.6,82,114259.52,139650.52,Post-Q2 recovery driven by H2 seasonality
2026-06,South,P003,NetShield Plus,44895.17,31426.62,5.5,80,40405.65,49384.69,Supplier delay resolved -- full inventory restored
2026-06,South,P004,AnalyticsEdge,100293.27,60175.96,5.4,72,90263.94,110322.6,Supplier delay resolved -- full inventory restored
2026-06,South,P005,ConnectBridge,64672.42,43977.25,7.8,78,58205.18,71139.66,Post-Q2 recovery driven by H2 seasonality
2026-06,South,P006,StorageMax HDD,217895.27,98052.87,8.2,97,196105.74,239684.8,Expected recovery following May 2026 stockout resolution
2026-06,South,P007,ServerLink X1,337157.21,134862.88,4.1,95,303441.49,370872.93,Enterprise contract renewals projected in Q3
2026-06,South,P008,CyberAudit Suite,132080.36,95097.86,13.2,87,118872.32,145288.4,Optimistic estimate based on South expansion momentum
2026-06,South,P009,WorkflowPro,56388.33,37780.18,11.8,91,50749.5,62027.16,Post-Q2 recovery driven by H2 seasonality
2026-06,South,P010,InsightDash,93670.84,59012.63,7.9,92,84303.76,103037.92,Conservative estimate pending East region recovery
2026-06,South,P011,APIGateway Pro,69415.82,47896.92,5.1,96,62474.24,76357.4,YoY growth trajectory maintained from 2025 H2
2026-06,South,P012,BackupCloud Ultra,37869.49,26887.34,12.2,73,34082.54,41656.44,Supplier delay resolved -- full inventory restored
2026-06,East,P001,CloudSync Pro,73460.53,47749.34,5.0,85,66114.48,80806.58,Back-to-school and IT procurement cycle
2026-06,East,P002,DataVault Enterprise,124578.93,77238.94,12.3,94,112121.04,137036.82,Conservative estimate pending East region recovery
2026-06,East,P003,NetShield Plus,44308.94,31016.26,12.9,88,39878.05,48739.83,Marketing campaigns scheduled for Q4 2026
2026-06,East,P004,AnalyticsEdge,112619.04,67571.42,2.8,82,101357.14,123880.94,YoY growth trajectory maintained from 2025 H2
2026-06,East,P005,ConnectBridge,61215.22,41626.35,12.6,92,55093.7,67336.74,Holiday budget allocation expected to boost sales
2026-06,East,P006,StorageMax HDD,223952.86,100778.79,4.2,75,201557.57,246348.15,Marketing campaigns scheduled for Q4 2026
2026-06,East,P007,ServerLink X1,300703.77,120281.51,10.3,89,270633.39,330774.15,Supplier delay resolved -- full inventory restored
2026-06,East,P008,CyberAudit Suite,115502.45,83161.76,11.7,89,103952.21,127052.7,Supplier delay resolved -- full inventory restored
2026-06,East,P009,WorkflowPro,53375.47,35761.56,7.8,85,48037.92,58713.02,Supplier delay resolved -- full inventory restored
2026-06,East,P010,InsightDash,87252.53,54969.09,12.6,96,78527.28,95977.78,Expected recovery following May 2026 stockout resolution
2026-06,East,P011,APIGateway Pro,64008.78,44166.06,4.5,93,57607.9,70409.66,Post-Q2 recovery driven by H2 seasonality
2026-06,East,P012,BackupCloud Ultra,32883.51,23347.29,13.8,90,29595.16,36171.86,Optimistic estimate based on South expansion momentum
2026-06,West,P001,CloudSync Pro,75276.41,48929.67,12.5,91,67748.77,82804.05,Expected recovery following May 2026 stockout resolution
2026-06,West,P002,DataVault Enterprise,134032.61,83100.22,9.3,89,120629.35,147435.87,Enterprise contract renewals projected in Q3
2026-06,West,P003,NetShield Plus,41617.62,29132.33,9.2,85,37455.86,45779.38,YoY growth trajectory maintained from 2025 H2
2026-06,West,P004,AnalyticsEdge,100524.54,60314.72,11.7,96,90472.09,110576.99,Back-to-school and IT procurement cycle
2026-06,West,P005,ConnectBridge,59175.54,40239.37,8.0,72,53257.99,65093.09,Conservative estimate pending East region recovery
2026-06,West,P006,StorageMax HDD,219030.11,98563.55,12.5,91,197127.1,240933.12,Holiday budget allocation expected to boost sales
2026-06,West,P007,ServerLink X1,323064.46,129225.78,9.5,77,290758.01,355370.91,Post-Q2 recovery driven by H2 seasonality
2026-06,West,P008,CyberAudit Suite,102489.58,73792.5,10.8,89,92240.62,112738.54,Back-to-school and IT procurement cycle
2026-06,West,P009,WorkflowPro,47240.8,31651.34,3.5,96,42516.72,51964.88,Back-to-school and IT procurement cycle
2026-06,West,P010,InsightDash,93703.13,59032.97,6.1,92,84332.82,103073.44,Optimistic estimate based on South expansion momentum
2026-06,West,P011,APIGateway Pro,68804.08,47474.82,3.9,83,61923.67,75684.49,Optimistic estimate based on South expansion momentum
2026-06,West,P012,BackupCloud Ultra,35635.2,25300.99,7.5,72,32071.68,39198.72,Supplier delay resolved -- full inventory restored
2026-06,Central,P001,CloudSync Pro,73725.13,47921.33,3.3,82,66352.62,81097.64,Conservative estimate pending East region recovery
2026-06,Central,P002,DataVault Enterprise,144389.06,89521.22,2.5,80,129950.15,158827.97,Optimistic estimate based on South expansion momentum
2026-06,Central,P003,NetShield Plus,42336.76,29635.73,14.0,80,38103.08,46570.44,Back-to-school and IT procurement cycle
2026-06,Central,P004,AnalyticsEdge,102416.07,61449.64,8.7,96,92174.46,112657.68,Holiday budget allocation expected to boost sales
2026-06,Central,P005,ConnectBridge,67124.95,45644.97,5.4,73,60412.46,73837.45,Enterprise contract renewals projected in Q3
2026-06,Central,P006,StorageMax HDD,226645.45,101990.45,10.8,95,203980.91,249310.0,Expected recovery following May 2026 stockout resolution
2026-06,Central,P007,ServerLink X1,311006.03,124402.41,9.0,85,279905.43,342106.63,Marketing campaigns scheduled for Q4 2026
2026-06,Central,P008,CyberAudit Suite,116792.0,84090.24,13.6,84,105112.8,128471.2,Supplier delay resolved -- full inventory restored
2026-06,Central,P009,WorkflowPro,47201.44,31624.96,5.8,79,42481.3,51921.58,Expected recovery following May 2026 stockout resolution
2026-06,Central,P010,InsightDash,83608.89,52673.6,10.2,90,75248.0,91969.78,Post-Q2 recovery driven by H2 seasonality
2026-06,Central,P011,APIGateway Pro,71502.49,49336.72,10.3,80,64352.24,78652.74,Optimistic estimate based on South expansion momentum
2026-06,Central,P012,BackupCloud Ultra,35053.3,24887.84,10.4,92,31547.97,38558.63,Conservative estimate pending East region recovery
2026-07,North,P001,CloudSync Pro,63086.38,41006.15,2.5,86,56777.74,69395.02,Post-Q2 recovery driven by H2 seasonality
2026-07,North,P002,DataVault Enterprise,127232.08,78883.89,3.2,91,114508.87,139955.29,Enterprise contract renewals projected in Q3
2026-07,North,P003,NetShield Plus,44086.57,30860.6,6.1,86,39677.91,48495.23,Post-Q2 recovery driven by H2 seasonality
2026-07,North,P004,AnalyticsEdge,78133.79,46880.27,8.7,89,70320.41,85947.17,Post-Q2 recovery driven by H2 seasonality
2026-07,North,P005,ConnectBridge,52659.6,35808.53,13.3,74,47393.64,57925.56,Marketing campaigns scheduled for Q4 2026
2026-07,North,P006,StorageMax HDD,173704.93,78167.22,4.3,77,156334.44,191075.42,Optimistic estimate based on South expansion momentum
2026-07,North,P007,ServerLink X1,292162.25,116864.9,9.1,92,262946.03,321378.48,Holiday budget allocation expected to boost sales
2026-07,North,P008,CyberAudit Suite,105986.72,76310.44,12.6,82,95388.05,116585.39,Post-Q2 recovery driven by H2 seasonality
2026-07,North,P009,WorkflowPro,43271.3,28991.77,2.7,76,38944.17,47598.43,Conservative estimate pending East region recovery
2026-07,North,P010,InsightDash,72389.88,45605.62,9.5,82,65150.89,79628.87,Optimistic estimate based on South expansion momentum
2026-07,North,P011,APIGateway Pro,56516.47,38996.36,10.3,92,50864.82,62168.12,Holiday budget allocation expected to boost sales
2026-07,North,P012,BackupCloud Ultra,33264.22,23617.6,7.5,72,29937.8,36590.64,Supplier delay resolved -- full inventory restored
2026-07,South,P001,CloudSync Pro,62860.22,40859.14,10.7,95,56574.2,69146.24,Optimistic estimate based on South expansion momentum
2026-07,South,P002,DataVault Enterprise,112890.81,69992.3,7.1,75,101601.73,124179.89,Enterprise contract renewals projected in Q3
2026-07,South,P003,NetShield Plus,40995.28,28696.7,7.4,76,36895.75,45094.81,Post-Q2 recovery driven by H2 seasonality
2026-07,South,P004,AnalyticsEdge,88310.98,52986.59,8.9,72,79479.88,97142.08,Back-to-school and IT procurement cycle
2026-07,South,P005,ConnectBridge,57550.08,39134.05,8.0,92,51795.07,63305.09,Enterprise contract renewals projected in Q3
2026-07,South,P006,StorageMax HDD,194262.39,87418.08,7.6,93,174836.15,213688.63,Holiday budget allocation expected to boost sales
2026-07,South,P007,ServerLink X1,292732.71,117093.08,5.1,97,263459.44,322005.98,Optimistic estimate based on South expansion momentum
2026-07,South,P008,CyberAudit Suite,116266.47,83711.86,10.3,92,104639.82,127893.12,Holiday budget allocation expected to boost sales
2026-07,South,P009,WorkflowPro,48841.66,32723.91,8.8,87,43957.49,53725.83,Post-Q2 recovery driven by H2 seasonality
2026-07,South,P010,InsightDash,79284.38,49949.16,2.6,95,71355.94,87212.82,Holiday budget allocation expected to boost sales
2026-07,South,P011,APIGateway Pro,62650.07,43228.55,13.7,76,56385.06,68915.08,Holiday budget allocation expected to boost sales
2026-07,South,P012,BackupCloud Ultra,32394.65,23000.2,13.0,78,29155.19,35634.12,Supplier delay resolved -- full inventory restored
2026-07,East,P001,CloudSync Pro,75105.1,48818.32,9.5,76,67594.59,82615.61,Back-to-school and IT procurement cycle
2026-07,East,P002,DataVault Enterprise,127591.71,79106.86,5.5,77,114832.54,140350.88,Conservative estimate pending East region recovery
2026-07,East,P003,NetShield Plus,45536.2,31875.34,9.3,84,40982.58,50089.82,Post-Q2 recovery driven by H2 seasonality
2026-07,East,P004,AnalyticsEdge,109362.3,65617.38,7.0,96,98426.07,120298.53,Marketing campaigns scheduled for Q4 2026
2026-07,East,P005,ConnectBridge,59021.9,40134.89,13.5,81,53119.71,64924.09,Back-to-school and IT procurement cycle
2026-07,East,P006,StorageMax HDD,224591.06,101065.98,4.1,96,202131.95,247050.17,Holiday budget allocation expected to boost sales
2026-07,East,P007,ServerLink X1,304812.7,121925.08,6.8,94,274331.43,335293.97,Supplier delay resolved -- full inventory restored
2026-07,East,P008,CyberAudit Suite,113676.66,81847.2,11.5,94,102308.99,125044.33,Conservative estimate pending East region recovery
2026-07,East,P009,WorkflowPro,54585.85,36572.52,12.0,96,49127.26,60044.44,Holiday budget allocation expected to boost sales
2026-07,East,P010,InsightDash,91097.41,57391.37,14.2,84,81987.67,100207.15,Holiday budget allocation expected to boost sales
2026-07,East,P011,APIGateway Pro,66667.75,46000.75,13.3,89,60000.97,73334.53,Enterprise contract renewals projected in Q3
2026-07,East,P012,BackupCloud Ultra,32653.86,23184.24,13.0,90,29388.47,35919.25,Marketing campaigns scheduled for Q4 2026
2026-07,West,P001,CloudSync Pro,69755.87,45341.32,5.5,83,62780.28,76731.46,Holiday budget allocation expected to boost sales
2026-07,West,P002,DataVault Enterprise,120133.35,74482.68,7.3,76,108120.02,132146.69,Back-to-school and IT procurement cycle
2026-07,West,P003,NetShield Plus,37757.98,26430.59,5.3,73,33982.18,41533.78,Supplier delay resolved -- full inventory restored
2026-07,West,P004,AnalyticsEdge,85785.72,51471.43,8.1,96,77207.15,94364.29,Optimistic estimate based on South expansion momentum
2026-07,West,P005,ConnectBridge,53803.97,36586.7,7.4,90,48423.57,59184.37,Expected recovery following May 2026 stockout resolution
2026-07,West,P006,StorageMax HDD,189842.23,85429.0,9.5,90,170858.01,208826.45,Marketing campaigns scheduled for Q4 2026
2026-07,West,P007,ServerLink X1,298947.88,119579.15,12.8,93,269053.09,328842.67,Enterprise contract renewals projected in Q3
2026-07,West,P008,CyberAudit Suite,90037.85,64827.25,3.1,80,81034.07,99041.64,Enterprise contract renewals projected in Q3
2026-07,West,P009,WorkflowPro,40788.93,27328.58,7.1,77,36710.04,44867.82,Supplier delay resolved -- full inventory restored
2026-07,West,P010,InsightDash,80777.1,50889.57,4.0,84,72699.39,88854.81,Supplier delay resolved -- full inventory restored
2026-07,West,P011,APIGateway Pro,59650.16,41158.61,14.1,90,53685.14,65615.18,Optimistic estimate based on South expansion momentum
2026-07,West,P012,BackupCloud Ultra,31063.65,22055.19,4.8,83,27957.29,34170.02,Supplier delay resolved -- full inventory restored
2026-07,Central,P001,CloudSync Pro,65096.04,42312.43,9.6,91,58586.44,71605.64,Enterprise contract renewals projected in Q3
2026-07,Central,P002,DataVault Enterprise,128543.71,79697.1,11.3,97,115689.34,141398.08,Conservative estimate pending East region recovery
2026-07,Central,P003,NetShield Plus,36723.82,25706.67,6.3,89,33051.44,40396.2,Marketing campaigns scheduled for Q4 2026
2026-07,Central,P004,AnalyticsEdge,92008.01,55204.81,7.3,88,82807.21,101208.81,Marketing campaigns scheduled for Q4 2026
2026-07,Central,P005,ConnectBridge,59408.93,40398.07,7.9,77,53468.04,65349.82,YoY growth trajectory maintained from 2025 H2
2026-07,Central,P006,StorageMax HDD,201557.04,90700.67,7.7,81,181401.34,221712.74,Expected recovery following May 2026 stockout resolution
2026-07,Central,P007,ServerLink X1,270806.34,108322.54,8.8,73,243725.71,297886.97,Conservative estimate pending East region recovery
2026-07,Central,P008,CyberAudit Suite,105806.19,76180.46,12.2,91,95225.57,116386.81,Back-to-school and IT procurement cycle
2026-07,Central,P009,WorkflowPro,39560.62,26505.62,4.9,88,35604.56,43516.68,Back-to-school and IT procurement cycle
2026-07,Central,P010,InsightDash,76597.85,48256.65,9.7,76,68938.07,84257.64,Enterprise contract renewals projected in Q3
2026-07,Central,P011,APIGateway Pro,64251.81,44333.75,2.9,74,57826.63,70676.99,Holiday budget allocation expected to boost sales
2026-07,Central,P012,BackupCloud Ultra,29800.79,21158.56,10.3,93,26820.71,32780.87,Marketing campaigns scheduled for Q4 2026
2026-08,North,P001,CloudSync Pro,67070.08,43595.55,4.3,91,60363.07,73777.09,Expected recovery following May 2026 stockout resolution
2026-08,North,P002,DataVault Enterprise,135300.02,83886.01,6.2,92,121770.02,148830.02,Back-to-school and IT procurement cycle
2026-08,North,P003,NetShield Plus,45761.19,32032.83,12.9,95,41185.07,50337.31,Optimistic estimate based on South expansion momentum
2026-08,North,P004,AnalyticsEdge,78360.72,47016.43,6.1,72,70524.65,86196.79,Back-to-school and IT procurement cycle
2026-08,North,P005,ConnectBridge,53241.53,36204.24,9.4,82,47917.38,58565.68,Enterprise contract renewals projected in Q3
2026-08,North,P006,StorageMax HDD,183615.26,82626.87,12.6,87,165253.73,201976.79,Enterprise contract renewals projected in Q3
2026-08,North,P007,ServerLink X1,279652.88,111861.15,9.9,85,251687.59,307618.17,YoY growth trajectory maintained from 2025 H2
2026-08,North,P008,CyberAudit Suite,107163.72,77157.88,7.1,77,96447.35,117880.09,Enterprise contract renewals projected in Q3
2026-08,North,P009,WorkflowPro,42806.54,28680.38,2.6,91,38525.89,47087.19,Enterprise contract renewals projected in Q3
2026-08,North,P010,InsightDash,71209.95,44862.27,4.7,82,64088.96,78330.95,Back-to-school and IT procurement cycle
2026-08,North,P011,APIGateway Pro,56610.16,39061.01,13.7,85,50949.14,62271.18,Supplier delay resolved -- full inventory restored
2026-08,North,P012,BackupCloud Ultra,34709.35,24643.64,12.1,91,31238.42,38180.29,Holiday budget allocation expected to boost sales
2026-08,South,P001,CloudSync Pro,62152.65,40399.22,9.9,76,55937.39,68367.92,Optimistic estimate based on South expansion momentum
2026-08,South,P002,DataVault Enterprise,114517.4,71000.79,12.4,89,103065.66,125969.14,Post-Q2 recovery driven by H2 seasonality
2026-08,South,P003,NetShield Plus,41082.42,28757.69,12.8,84,36974.18,45190.66,Conservative estimate pending East region recovery
2026-08,South,P004,AnalyticsEdge,87019.02,52211.41,2.6,87,78317.12,95720.92,YoY growth trajectory maintained from 2025 H2
2026-08,South,P005,ConnectBridge,56876.5,38676.02,13.7,86,51188.85,62564.15,Optimistic estimate based on South expansion momentum
2026-08,South,P006,StorageMax HDD,189716.2,85372.29,3.7,88,170744.58,208687.82,Supplier delay resolved -- full inventory restored
2026-08,South,P007,ServerLink X1,301226.81,120490.72,14.2,76,271104.13,331349.49,Holiday budget allocation expected to boost sales
2026-08,South,P008,CyberAudit Suite,120883.63,87036.21,2.6,79,108795.27,132971.99,Holiday budget allocation expected to boost sales
2026-08,South,P009,WorkflowPro,49853.46,33401.82,3.9,77,44868.11,54838.81,YoY growth trajectory maintained from 2025 H2
2026-08,South,P010,InsightDash,80877.36,50952.74,3.4,78,72789.62,88965.1,Marketing campaigns scheduled for Q4 2026
2026-08,South,P011,APIGateway Pro,62786.38,43322.6,6.3,84,56507.74,69065.02,Expected recovery following May 2026 stockout resolution
2026-08,South,P012,BackupCloud Ultra,32454.55,23042.73,8.5,87,29209.1,35700.01,Back-to-school and IT procurement cycle
2026-08,East,P001,CloudSync Pro,76146.59,49495.28,3.4,83,68531.93,83761.25,Post-Q2 recovery driven by H2 seasonality
2026-08,East,P002,DataVault Enterprise,127203.1,78865.92,3.5,90,114482.79,139923.41,Enterprise contract renewals projected in Q3
2026-08,East,P003,NetShield Plus,46194.57,32336.2,4.3,82,41575.11,50814.03,Optimistic estimate based on South expansion momentum
2026-08,East,P004,AnalyticsEdge,113906.8,68344.08,9.5,95,102516.12,125297.48,Expected recovery following May 2026 stockout resolution
2026-08,East,P005,ConnectBridge,61855.59,42061.8,8.7,78,55670.03,68041.15,Back-to-school and IT procurement cycle
2026-08,East,P006,StorageMax HDD,228242.25,102709.01,4.8,95,205418.02,251066.48,Enterprise contract renewals projected in Q3
2026-08,East,P007,ServerLink X1,322809.0,129123.6,12.7,81,290528.1,355089.9,Holiday budget allocation expected to boost sales
2026-08,East,P008,CyberAudit Suite,119074.6,85733.71,5.9,91,107167.14,130982.06,Post-Q2 recovery driven by H2 seasonality
2026-08,East,P009,WorkflowPro,55077.24,36901.75,8.4,72,49569.52,60584.96,Marketing campaigns scheduled for Q4 2026
2026-08,East,P010,InsightDash,92493.02,58270.6,8.9,76,83243.72,101742.32,Back-to-school and IT procurement cycle
2026-08,East,P011,APIGateway Pro,65326.9,45075.56,3.3,72,58794.21,71859.59,Marketing campaigns scheduled for Q4 2026
2026-08,East,P012,BackupCloud Ultra,33614.11,23866.02,3.4,96,30252.7,36975.52,Optimistic estimate based on South expansion momentum
2026-08,West,P001,CloudSync Pro,66722.72,43369.77,8.2,73,60050.45,73394.99,Conservative estimate pending East region recovery
2026-08,West,P002,DataVault Enterprise,120859.34,74932.79,14.2,74,108773.41,132945.27,Marketing campaigns scheduled for Q4 2026
2026-08,West,P003,NetShield Plus,37585.37,26309.76,14.0,77,33826.83,41343.91,Conservative estimate pending East region recovery
2026-08,West,P004,AnalyticsEdge,87732.75,52639.65,3.4,83,78959.48,96506.03,Supplier delay resolved -- full inventory restored
2026-08,West,P005,ConnectBridge,51933.35,35314.68,5.6,91,46740.01,57126.69,Expected recovery following May 2026 stockout resolution
2026-08,West,P006,StorageMax HDD,197004.76,88652.14,6.7,72,177304.28,216705.24,YoY growth trajectory maintained from 2025 H2
2026-08,West,P007,ServerLink X1,291306.08,116522.43,11.4,95,262175.47,320436.69,Expected recovery following May 2026 stockout resolution
2026-08,West,P008,CyberAudit Suite,92077.42,66295.74,12.5,80,82869.68,101285.16,Holiday budget allocation expected to boost sales
2026-08,West,P009,WorkflowPro,41521.2,27819.2,9.9,93,37369.08,45673.32,YoY growth trajectory maintained from 2025 H2
2026-08,West,P010,InsightDash,80137.83,50486.83,10.5,84,72124.05,88151.61,Post-Q2 recovery driven by H2 seasonality
2026-08,West,P011,APIGateway Pro,61217.58,42240.13,12.4,72,55095.82,67339.34,Post-Q2 recovery driven by H2 seasonality
2026-08,West,P012,BackupCloud Ultra,31175.49,22134.6,9.6,97,28057.94,34293.04,Post-Q2 recovery driven by H2 seasonality
2026-08,Central,P001,CloudSync Pro,66237.36,43054.28,6.3,81,59613.62,72861.1,Expected recovery following May 2026 stockout resolution
2026-08,Central,P002,DataVault Enterprise,129596.43,80349.79,14.3,96,116636.79,142556.07,Back-to-school and IT procurement cycle
2026-08,Central,P003,NetShield Plus,37937.76,26556.43,12.0,89,34143.98,41731.54,Enterprise contract renewals projected in Q3
2026-08,Central,P004,AnalyticsEdge,89278.1,53566.86,12.2,72,80350.29,98205.91,Back-to-school and IT procurement cycle
2026-08,Central,P005,ConnectBridge,59636.4,40552.75,7.2,77,53672.76,65600.04,Post-Q2 recovery driven by H2 seasonality
2026-08,Central,P006,StorageMax HDD,195710.36,88069.66,7.0,89,176139.32,215281.4,Conservative estimate pending East region recovery
2026-08,Central,P007,ServerLink X1,276355.67,110542.27,13.9,92,248720.1,303991.24,Post-Q2 recovery driven by H2 seasonality
2026-08,Central,P008,CyberAudit Suite,105184.91,75733.14,8.9,72,94666.42,115703.4,Enterprise contract renewals projected in Q3
2026-08,Central,P009,WorkflowPro,40728.48,27288.08,4.4,94,36655.63,44801.33,YoY growth trajectory maintained from 2025 H2
2026-08,Central,P010,InsightDash,73448.32,46272.44,13.3,81,66103.49,80793.15,Supplier delay resolved -- full inventory restored
2026-08,Central,P011,APIGateway Pro,66168.82,45656.49,5.0,78,59551.94,72785.7,Back-to-school and IT procurement cycle
2026-08,Central,P012,BackupCloud Ultra,30214.37,21452.2,7.5,78,27192.93,33235.81,Post-Q2 recovery driven by H2 seasonality
2026-09,North,P001,CloudSync Pro,77400.29,50310.19,9.8,86,69660.26,85140.32,Holiday budget allocation expected to boost sales
2026-09,North,P002,DataVault Enterprise,149797.79,92874.63,2.7,88,134818.01,164777.57,Post-Q2 recovery driven by H2 seasonality
2026-09,North,P003,NetShield Plus,52519.61,36763.73,12.6,87,47267.65,57771.57,Post-Q2 recovery driven by H2 seasonality
2026-09,North,P004,AnalyticsEdge,92837.76,55702.66,14.1,89,83553.98,102121.54,Marketing campaigns scheduled for Q4 2026
2026-09,North,P005,ConnectBridge,63184.61,42965.53,3.0,77,56866.15,69503.07,Post-Q2 recovery driven by H2 seasonality
2026-09,North,P006,StorageMax HDD,212830.92,95773.91,11.1,91,191547.83,234114.01,Optimistic estimate based on South expansion momentum
2026-09,North,P007,ServerLink X1,323861.24,129544.5,12.6,94,291475.12,356247.36,Holiday budget allocation expected to boost sales
2026-09,North,P008,CyberAudit Suite,123889.24,89200.25,3.4,78,111500.32,136278.16,Enterprise contract renewals projected in Q3
2026-09,North,P009,WorkflowPro,50933.93,34125.73,7.0,75,45840.54,56027.32,YoY growth trajectory maintained from 2025 H2
2026-09,North,P010,InsightDash,84604.13,53300.6,9.1,89,76143.72,93064.54,Post-Q2 recovery driven by H2 seasonality
2026-09,North,P011,APIGateway Pro,66577.32,45938.35,12.1,79,59919.59,73235.05,Enterprise contract renewals projected in Q3
2026-09,North,P012,BackupCloud Ultra,40167.45,28518.89,3.8,92,36150.71,44184.19,Supplier delay resolved -- full inventory restored
2026-09,South,P001,CloudSync Pro,69457.72,45147.52,14.4,97,62511.95,76403.49,Enterprise contract renewals projected in Q3
2026-09,South,P002,DataVault Enterprise,126006.94,78124.3,6.3,91,113406.25,138607.63,Marketing campaigns scheduled for Q4 2026
2026-09,South,P003,NetShield Plus,47484.79,33239.35,8.2,80,42736.31,52233.27,YoY growth trajectory maintained from 2025 H2
2026-09,South,P004,AnalyticsEdge,103976.34,62385.8,6.1,95,93578.71,114373.97,Post-Q2 recovery driven by H2 seasonality
2026-09,South,P005,ConnectBridge,68095.98,46305.27,10.6,93,61286.38,74905.58,Enterprise contract renewals projected in Q3
2026-09,South,P006,StorageMax HDD,225639.29,101537.68,13.2,74,203075.36,248203.22,Marketing campaigns scheduled for Q4 2026
2026-09,South,P007,ServerLink X1,351283.03,140513.21,6.0,95,316154.73,386411.33,Expected recovery following May 2026 stockout resolution
2026-09,South,P008,CyberAudit Suite,139262.26,100268.83,9.4,95,125336.03,153188.49,Back-to-school and IT procurement cycle
2026-09,South,P009,WorkflowPro,57819.61,38739.14,7.6,97,52037.65,63601.57,Marketing campaigns scheduled for Q4 2026
2026-09,South,P010,InsightDash,96612.65,60865.97,14.5,76,86951.38,106273.92,Supplier delay resolved -- full inventory restored
2026-09,South,P011,APIGateway Pro,70376.38,48559.7,6.4,96,63338.74,77414.02,Optimistic estimate based on South expansion momentum
2026-09,South,P012,BackupCloud Ultra,38288.18,27184.61,2.5,79,34459.36,42117.0,Post-Q2 recovery driven by H2 seasonality
2026-09,East,P001,CloudSync Pro,85224.43,55395.88,7.1,95,76701.99,93746.87,Conservative estimate pending East region recovery
2026-09,East,P002,DataVault Enterprise,147448.38,91418.0,4.1,87,132703.54,162193.22,Conservative estimate pending East region recovery
2026-09,East,P003,NetShield Plus,53118.55,37182.99,2.6,84,47806.7,58430.41,Conservative estimate pending East region recovery
2026-09,East,P004,AnalyticsEdge,128765.71,77259.43,6.5,73,115889.14,141642.28,Supplier delay resolved -- full inventory restored
2026-09,East,P005,ConnectBridge,69862.9,47506.77,7.3,79,62876.61,76849.19,Supplier delay resolved -- full inventory restored
2026-09,East,P006,StorageMax HDD,269211.02,121144.96,7.0,76,242289.92,296132.12,Conservative estimate pending East region recovery
2026-09,East,P007,ServerLink X1,374155.46,149662.18,3.6,92,336739.91,411571.01,Supplier delay resolved -- full inventory restored
2026-09,East,P008,CyberAudit Suite,132704.66,95547.36,2.6,89,119434.19,145975.13,Optimistic estimate based on South expansion momentum
2026-09,East,P009,WorkflowPro,61079.17,40923.04,12.8,90,54971.25,67187.09,Post-Q2 recovery driven by H2 seasonality
2026-09,East,P010,InsightDash,105729.53,66609.6,14.4,73,95156.58,116302.48,Back-to-school and IT procurement cycle
2026-09,East,P011,APIGateway Pro,76858.41,53032.3,4.2,76,69172.57,84544.25,Post-Q2 recovery driven by H2 seasonality
2026-09,East,P012,BackupCloud Ultra,39241.14,27861.21,6.6,94,35317.03,43165.25,Back-to-school and IT procurement cycle
2026-09,West,P001,CloudSync Pro,80288.12,52187.28,8.0,83,72259.31,88316.93,Optimistic estimate based on South expansion momentum
2026-09,West,P002,DataVault Enterprise,136291.7,84500.85,9.7,79,122662.53,149920.87,Expected recovery following May 2026 stockout resolution
2026-09,West,P003,NetShield Plus,43057.56,30140.29,12.4,84,38751.8,47363.32,Post-Q2 recovery driven by H2 seasonality
2026-09,West,P004,AnalyticsEdge,97947.01,58768.21,11.1,85,88152.31,107741.71,Post-Q2 recovery driven by H2 seasonality
2026-09,West,P005,ConnectBridge,59705.02,40599.41,14.1,83,53734.52,65675.52,Marketing campaigns scheduled for Q4 2026
2026-09,West,P006,StorageMax HDD,232424.84,104591.18,10.4,80,209182.36,255667.32,Holiday budget allocation expected to boost sales
2026-09,West,P007,ServerLink X1,349051.23,139620.49,9.6,76,314146.11,383956.35,Post-Q2 recovery driven by H2 seasonality
2026-09,West,P008,CyberAudit Suite,106230.68,76486.09,11.5,91,95607.61,116853.75,Holiday budget allocation expected to boost sales
2026-09,West,P009,WorkflowPro,47838.63,32051.88,13.6,79,43054.77,52622.49,Conservative estimate pending East region recovery
2026-09,West,P010,InsightDash,91574.96,57692.22,9.2,92,82417.46,100732.46,Conservative estimate pending East region recovery
2026-09,West,P011,APIGateway Pro,68426.53,47214.31,9.1,84,61583.88,75269.18,YoY growth trajectory maintained from 2025 H2
2026-09,West,P012,BackupCloud Ultra,36724.3,26074.25,8.9,81,33051.87,40396.73,Holiday budget allocation expected to boost sales
2026-09,Central,P001,CloudSync Pro,76632.62,49811.2,7.3,84,68969.36,84295.88,Enterprise contract renewals projected in Q3
2026-09,Central,P002,DataVault Enterprise,152464.65,94528.08,9.7,93,137218.18,167711.12,YoY growth trajectory maintained from 2025 H2
2026-09,Central,P003,NetShield Plus,42587.25,29811.07,8.4,87,38328.53,46845.98,Post-Q2 recovery driven by H2 seasonality
2026-09,Central,P004,AnalyticsEdge,103874.66,62324.8,7.4,72,93487.19,114262.13,Back-to-school and IT procurement cycle
2026-09,Central,P005,ConnectBridge,70375.7,47855.48,7.4,97,63338.13,77413.27,Supplier delay resolved -- full inventory restored
2026-09,Central,P006,StorageMax HDD,234103.62,105346.63,6.2,85,210693.26,257513.98,Post-Q2 recovery driven by H2 seasonality
2026-09,Central,P007,ServerLink X1,319801.72,127920.69,6.1,92,287821.55,351781.89,Enterprise contract renewals projected in Q3
2026-09,Central,P008,CyberAudit Suite,122071.88,87891.75,13.3,84,109864.69,134279.07,Post-Q2 recovery driven by H2 seasonality
2026-09,Central,P009,WorkflowPro,46254.62,30990.6,6.7,74,41629.16,50880.08,YoY growth trajectory maintained from 2025 H2
2026-09,Central,P010,InsightDash,86903.23,54749.03,2.8,83,78212.91,95593.55,Back-to-school and IT procurement cycle
2026-09,Central,P011,APIGateway Pro,76220.16,52591.91,3.3,79,68598.14,83842.18,Expected recovery following May 2026 stockout resolution
2026-09,Central,P012,BackupCloud Ultra,35032.97,24873.41,12.2,82,31529.67,38536.27,Supplier delay resolved -- full inventory restored
2026-10,North,P001,CloudSync Pro,75521.21,49088.79,8.8,90,67969.09,83073.33,Post-Q2 recovery driven by H2 seasonality
2026-10,North,P002,DataVault Enterprise,155107.14,96166.43,4.7,81,139596.43,170617.85,Expected recovery following May 2026 stockout resolution
2026-10,North,P003,NetShield Plus,52255.86,36579.1,9.6,81,47030.27,57481.45,Marketing campaigns scheduled for Q4 2026
2026-10,North,P004,AnalyticsEdge,95842.95,57505.77,3.2,84,86258.65,105427.25,Holiday budget allocation expected to boost sales
2026-10,North,P005,ConnectBridge,64003.33,43522.26,6.9,75,57603.0,70403.66,YoY growth trajectory maintained from 2025 H2
2026-10,North,P006,StorageMax HDD,215277.45,96874.85,14.4,86,193749.71,236805.2,Optimistic estimate based on South expansion momentum
2026-10,North,P007,ServerLink X1,332330.93,132932.37,11.2,75,299097.84,365564.02,Optimistic estimate based on South expansion momentum
2026-10,North,P008,CyberAudit Suite,127937.11,92114.72,3.5,92,115143.4,140730.82,Conservative estimate pending East region recovery
2026-10,North,P009,WorkflowPro,51853.7,34741.98,8.9,85,46668.33,57039.07,Holiday budget allocation expected to boost sales
2026-10,North,P010,InsightDash,88638.99,55842.56,7.4,78,79775.09,97502.89,Supplier delay resolved -- full inventory restored
2026-10,North,P011,APIGateway Pro,68426.38,47214.2,13.1,89,61583.74,75269.02,Back-to-school and IT procurement cycle
2026-10,North,P012,BackupCloud Ultra,40177.33,28525.9,6.4,91,36159.6,44195.06,Marketing campaigns scheduled for Q4 2026
2026-10,South,P001,CloudSync Pro,72463.19,47101.07,10.5,86,65216.87,79709.51,Supplier delay resolved -- full inventory restored
2026-10,South,P002,DataVault Enterprise,132786.65,82327.72,2.6,93,119507.99,146065.32,Marketing campaigns scheduled for Q4 2026
2026-10,South,P003,NetShield Plus,47017.87,32912.51,4.7,79,42316.08,51719.66,Marketing campaigns scheduled for Q4 2026
2026-10,South,P004,AnalyticsEdge,107811.38,64686.83,12.1,74,97030.24,118592.52,Conservative estimate pending East region recovery
2026-10,South,P005,ConnectBridge,67581.38,45955.34,12.8,97,60823.24,74339.52,Expected recovery following May 2026 stockout resolution
2026-10,South,P006,StorageMax HDD,227265.53,102269.49,4.5,91,204538.98,249992.08,YoY growth trajectory maintained from 2025 H2
2026-10,South,P007,ServerLink X1,354523.0,141809.2,5.4,78,319070.7,389975.3,Enterprise contract renewals projected in Q3
2026-10,South,P008,CyberAudit Suite,142122.61,102328.28,9.7,87,127910.35,156334.87,Back-to-school and IT procurement cycle
2026-10,South,P009,WorkflowPro,60215.93,40344.67,4.1,90,54194.34,66237.52,Supplier delay resolved -- full inventory restored
2026-10,South,P010,InsightDash,96358.48,60705.84,3.0,89,86722.63,105994.33,Enterprise contract renewals projected in Q3
2026-10,South,P011,APIGateway Pro,73017.54,50382.1,11.7,84,65715.79,80319.29,Marketing campaigns scheduled for Q4 2026
2026-10,South,P012,BackupCloud Ultra,39382.45,27961.54,12.8,92,35444.21,43320.69,Enterprise contract renewals projected in Q3
2026-10,East,P001,CloudSync Pro,88306.84,57399.45,7.8,79,79476.16,97137.52,Optimistic estimate based on South expansion momentum
2026-10,East,P002,DataVault Enterprise,157480.17,97637.71,4.4,95,141732.15,173228.19,Conservative estimate pending East region recovery
2026-10,East,P003,NetShield Plus,54509.02,38156.31,10.3,73,49058.12,59959.92,Enterprise contract renewals projected in Q3
2026-10,East,P004,AnalyticsEdge,131141.81,78685.09,4.7,90,118027.63,144255.99,Expected recovery following May 2026 stockout resolution
2026-10,East,P005,ConnectBridge,71924.08,48908.37,14.4,74,64731.67,79116.49,Supplier delay resolved -- full inventory restored
2026-10,East,P006,StorageMax HDD,273442.47,123049.11,5.2,97,246098.22,300786.72,Enterprise contract renewals projected in Q3
2026-10,East,P007,ServerLink X1,376477.16,150590.86,6.0,78,338829.44,414124.88,Holiday budget allocation expected to boost sales
2026-10,East,P008,CyberAudit Suite,138395.58,99644.82,3.3,90,124556.02,152235.14,Conservative estimate pending East region recovery
2026-10,East,P009,WorkflowPro,62934.87,42166.36,9.8,97,56641.38,69228.36,Marketing campaigns scheduled for Q4 2026
2026-10,East,P010,InsightDash,107056.95,67445.88,6.4,74,96351.26,117762.65,YoY growth trajectory maintained from 2025 H2
2026-10,East,P011,APIGateway Pro,80012.32,55208.5,10.8,76,72011.09,88013.55,Supplier delay resolved -- full inventory restored
2026-10,East,P012,BackupCloud Ultra,39037.2,27716.41,13.6,82,35133.48,42940.92,Supplier delay resolved -- full inventory restored
2026-10,West,P001,CloudSync Pro,81611.62,53047.55,9.8,74,73450.46,89772.78,Back-to-school and IT procurement cycle
2026-10,West,P002,DataVault Enterprise,140890.49,87352.1,5.2,72,126801.44,154979.54,Post-Q2 recovery driven by H2 seasonality
2026-10,West,P003,NetShield Plus,44663.8,31264.66,7.2,81,40197.42,49130.18,Back-to-school and IT procurement cycle
2026-10,West,P004,AnalyticsEdge,101763.78,61058.27,4.4,96,91587.4,111940.16,Supplier delay resolved -- full inventory restored
2026-10,West,P005,ConnectBridge,64650.44,43962.3,11.2,76,58185.4,71115.48,Enterprise contract renewals projected in Q3
2026-10,West,P006,StorageMax HDD,232891.05,104800.97,8.1,78,209601.95,256180.15,Back-to-school and IT procurement cycle
2026-10,West,P007,ServerLink X1,358139.57,143255.83,7.5,95,322325.61,393953.53,Conservative estimate pending East region recovery
2026-10,West,P008,CyberAudit Suite,111789.89,80488.72,2.9,84,100610.9,122968.88,Supplier delay resolved -- full inventory restored
2026-10,West,P009,WorkflowPro,49891.56,33427.35,11.3,72,44902.4,54880.72,Marketing campaigns scheduled for Q4 2026
2026-10,West,P010,InsightDash,93686.67,59022.6,9.2,73,84318.0,103055.34,Back-to-school and IT procurement cycle
2026-10,West,P011,APIGateway Pro,71495.05,49331.58,2.9,91,64345.55,78644.56,YoY growth trajectory maintained from 2025 H2
2026-10,West,P012,BackupCloud Ultra,36739.52,26085.06,8.5,81,33065.57,40413.47,Enterprise contract renewals projected in Q3
2026-10,Central,P001,CloudSync Pro,78207.92,50835.15,3.5,73,70387.13,86028.71,Marketing campaigns scheduled for Q4 2026
2026-10,Central,P002,DataVault Enterprise,156122.28,96795.81,6.1,73,140510.05,171734.51,Enterprise contract renewals projected in Q3
2026-10,Central,P003,NetShield Plus,45813.27,32069.29,5.7,93,41231.94,50394.6,Supplier delay resolved -- full inventory restored
2026-10,Central,P004,AnalyticsEdge,107868.99,64721.39,11.6,88,97082.09,118655.89,Enterprise contract renewals projected in Q3
2026-10,Central,P005,ConnectBridge,70099.12,47667.4,7.5,83,63089.21,77109.03,Optimistic estimate based on South expansion momentum
2026-10,Central,P006,StorageMax HDD,242004.93,108902.22,12.6,85,217804.44,266205.42,Enterprise contract renewals projected in Q3
2026-10,Central,P007,ServerLink X1,320349.29,128139.72,3.0,94,288314.36,352384.22,Supplier delay resolved -- full inventory restored
2026-10,Central,P008,CyberAudit Suite,121354.21,87375.03,8.6,83,109218.79,133489.63,Supplier delay resolved -- full inventory restored
2026-10,Central,P009,WorkflowPro,49771.28,33346.76,12.0,85,44794.15,54748.41,Expected recovery following May 2026 stockout resolution
2026-10,Central,P010,InsightDash,88199.9,55565.94,7.9,82,79379.91,97019.89,Optimistic estimate based on South expansion momentum
2026-10,Central,P011,APIGateway Pro,77489.57,53467.8,9.5,75,69740.61,85238.53,Conservative estimate pending East region recovery
2026-10,Central,P012,BackupCloud Ultra,37124.6,26358.47,14.3,94,33412.14,40837.06,Optimistic estimate based on South expansion momentum
2026-11,North,P001,CloudSync Pro,85695.42,55702.02,11.5,89,77125.88,94264.96,Holiday budget allocation expected to boost sales
2026-11,North,P002,DataVault Enterprise,174271.13,108048.1,9.7,74,156844.02,191698.24,Holiday budget allocation expected to boost sales
2026-11,North,P003,NetShield Plus,58452.54,40916.78,11.0,85,52607.29,64297.79,Post-Q2 recovery driven by H2 seasonality
2026-11,North,P004,AnalyticsEdge,104855.66,62913.4,9.9,82,94370.09,115341.23,YoY growth trajectory maintained from 2025 H2
2026-11,North,P005,ConnectBridge,66959.52,45532.47,5.9,94,60263.57,73655.47,Back-to-school and IT procurement cycle
2026-11,North,P006,StorageMax HDD,227517.53,102382.89,7.5,85,204765.78,250269.28,Holiday budget allocation expected to boost sales
2026-11,North,P007,ServerLink X1,366730.05,146692.02,4.1,79,330057.04,403403.05,Optimistic estimate based on South expansion momentum
2026-11,North,P008,CyberAudit Suite,134254.7,96663.38,7.1,76,120829.23,147680.17,Expected recovery following May 2026 stockout resolution
2026-11,North,P009,WorkflowPro,55035.69,36873.91,9.1,94,49532.12,60539.26,Conservative estimate pending East region recovery
2026-11,North,P010,InsightDash,96607.06,60862.45,3.4,75,86946.35,106267.77,YoY growth trajectory maintained from 2025 H2
2026-11,North,P011,APIGateway Pro,76057.48,52479.66,9.2,82,68451.73,83663.23,Back-to-school and IT procurement cycle
2026-11,North,P012,BackupCloud Ultra,44049.5,31275.14,2.5,74,39644.55,48454.45,Enterprise contract renewals projected in Q3
2026-11,South,P001,CloudSync Pro,81202.41,52781.57,7.7,94,73082.17,89322.65,Enterprise contract renewals projected in Q3
2026-11,South,P002,DataVault Enterprise,141527.34,87746.95,4.8,90,127374.61,155680.07,Conservative estimate pending East region recovery
2026-11,South,P003,NetShield Plus,53443.31,37410.32,6.2,87,48098.98,58787.64,Holiday budget allocation expected to boost sales
2026-11,South,P004,AnalyticsEdge,113121.13,67872.68,13.2,92,101809.02,124433.24,Enterprise contract renewals projected in Q3
2026-11,South,P005,ConnectBridge,74178.85,50441.62,11.1,95,66760.97,81596.74,Conservative estimate pending East region recovery
2026-11,South,P006,StorageMax HDD,250274.01,112623.3,3.3,88,225246.61,275301.41,Conservative estimate pending East region recovery
2026-11,South,P007,ServerLink X1,389539.68,155815.87,13.4,76,350585.71,428493.65,Back-to-school and IT procurement cycle
2026-11,South,P008,CyberAudit Suite,153071.72,110211.64,10.2,92,137764.55,168378.89,Marketing campaigns scheduled for Q4 2026
2026-11,South,P009,WorkflowPro,62964.95,42186.52,10.4,81,56668.46,69261.45,Expected recovery following May 2026 stockout resolution
2026-11,South,P010,InsightDash,105912.9,66725.13,3.1,94,95321.61,116504.19,Expected recovery following May 2026 stockout resolution
2026-11,South,P011,APIGateway Pro,82997.32,57268.15,4.9,95,74697.59,91297.05,Holiday budget allocation expected to boost sales
2026-11,South,P012,BackupCloud Ultra,43547.82,30918.95,6.9,81,39193.04,47902.6,Marketing campaigns scheduled for Q4 2026
2026-11,East,P001,CloudSync Pro,99357.68,64582.49,9.4,89,89421.91,109293.45,Holiday budget allocation expected to boost sales
2026-11,East,P002,DataVault Enterprise,166611.59,103299.19,11.5,82,149950.43,183272.75,Conservative estimate pending East region recovery
2026-11,East,P003,NetShield Plus,58020.98,40614.69,7.8,80,52218.88,63823.08,Optimistic estimate based on South expansion momentum
2026-11,East,P004,AnalyticsEdge,147972.63,88783.58,7.1,93,133175.37,162769.89,Conservative estimate pending East region recovery
2026-11,East,P005,ConnectBridge,78536.24,53404.64,2.5,91,70682.62,86389.86,Marketing campaigns scheduled for Q4 2026
2026-11,East,P006,StorageMax HDD,290525.07,130736.28,7.2,75,261472.56,319577.58,Post-Q2 recovery driven by H2 seasonality
2026-11,East,P007,ServerLink X1,419303.65,167721.46,3.2,76,377373.29,461234.02,Supplier delay resolved -- full inventory restored
2026-11,East,P008,CyberAudit Suite,147480.22,106185.76,7.3,72,132732.2,162228.24,Expected recovery following May 2026 stockout resolution
2026-11,East,P009,WorkflowPro,69897.29,46831.18,6.8,82,62907.56,76887.02,Marketing campaigns scheduled for Q4 2026
2026-11,East,P010,InsightDash,119472.26,75267.52,7.4,80,107525.03,131419.49,YoY growth trajectory maintained from 2025 H2
2026-11,East,P011,APIGateway Pro,85655.54,59102.32,13.6,84,77089.99,94221.09,YoY growth trajectory maintained from 2025 H2
2026-11,East,P012,BackupCloud Ultra,43362.07,30787.07,11.6,87,39025.86,47698.28,YoY growth trajectory maintained from 2025 H2
2026-11,West,P001,CloudSync Pro,86671.88,56336.72,14.1,80,78004.69,95339.07,Marketing campaigns scheduled for Q4 2026
2026-11,West,P002,DataVault Enterprise,152829.47,94754.27,2.6,73,137546.52,168112.42,Supplier delay resolved -- full inventory restored
2026-11,West,P003,NetShield Plus,48241.94,33769.36,6.6,97,43417.75,53066.13,Supplier delay resolved -- full inventory restored
2026-11,West,P004,AnalyticsEdge,115224.56,69134.74,12.8,81,103702.1,126747.02,Post-Q2 recovery driven by H2 seasonality
2026-11,West,P005,ConnectBridge,68020.66,46254.05,7.5,83,61218.59,74822.73,Holiday budget allocation expected to boost sales
2026-11,West,P006,StorageMax HDD,251894.1,113352.34,4.3,80,226704.69,277083.51,Holiday budget allocation expected to boost sales
2026-11,West,P007,ServerLink X1,375763.33,150305.33,11.7,90,338187.0,413339.66,Optimistic estimate based on South expansion momentum
2026-11,West,P008,CyberAudit Suite,120493.1,86755.03,6.1,76,108443.79,132542.41,Back-to-school and IT procurement cycle
2026-11,West,P009,WorkflowPro,52193.02,34969.32,7.4,89,46973.72,57412.32,Supplier delay resolved -- full inventory restored
2026-11,West,P010,InsightDash,102447.07,64541.65,11.8,82,92202.36,112691.78,Marketing campaigns scheduled for Q4 2026
2026-11,West,P011,APIGateway Pro,80422.8,55491.73,11.3,86,72380.52,88465.08,Post-Q2 recovery driven by H2 seasonality
2026-11,West,P012,BackupCloud Ultra,42079.74,29876.62,7.4,73,37871.77,46287.71,Optimistic estimate based on South expansion momentum
2026-11,Central,P001,CloudSync Pro,83761.06,54444.69,13.7,76,75384.95,92137.17,Back-to-school and IT procurement cycle
2026-11,Central,P002,DataVault Enterprise,167777.71,104022.18,7.4,77,150999.94,184555.48,Post-Q2 recovery driven by H2 seasonality
2026-11,Central,P003,NetShield Plus,49760.46,34832.32,6.5,73,44784.41,54736.51,Conservative estimate pending East region recovery
2026-11,Central,P004,AnalyticsEdge,118835.84,71301.5,8.9,72,106952.26,130719.42,Optimistic estimate based on South expansion momentum
2026-11,Central,P005,ConnectBridge,78199.75,53175.83,5.8,74,70379.78,86019.73,Back-to-school and IT procurement cycle
2026-11,Central,P006,StorageMax HDD,254251.13,114413.01,9.4,90,228826.02,279676.24,Supplier delay resolved -- full inventory restored
2026-11,Central,P007,ServerLink X1,363513.28,145405.31,12.4,87,327161.95,399864.61,Optimistic estimate based on South expansion momentum
2026-11,Central,P008,CyberAudit Suite,134972.84,97180.44,12.6,90,121475.56,148470.12,Marketing campaigns scheduled for Q4 2026
2026-11,Central,P009,WorkflowPro,51993.66,34835.75,5.8,76,46794.29,57193.03,Conservative estimate pending East region recovery
2026-11,Central,P010,InsightDash,96284.55,60659.27,5.0,84,86656.1,105913.01,Optimistic estimate based on South expansion momentum
2026-11,Central,P011,APIGateway Pro,83569.39,57662.88,2.7,82,75212.45,91926.33,Post-Q2 recovery driven by H2 seasonality
2026-11,Central,P012,BackupCloud Ultra,39467.39,28021.85,6.7,96,35520.65,43414.13,Supplier delay resolved -- full inventory restored
2026-12,North,P001,CloudSync Pro,91169.2,59259.98,8.4,88,82052.28,100286.12,Post-Q2 recovery driven by H2 seasonality
2026-12,North,P002,DataVault Enterprise,181688.75,112647.02,8.5,92,163519.88,199857.63,Back-to-school and IT procurement cycle
2026-12,North,P003,NetShield Plus,61825.12,43277.58,10.6,82,55642.61,68007.63,Optimistic estimate based on South expansion momentum
2026-12,North,P004,AnalyticsEdge,112660.98,67596.59,11.6,73,101394.88,123927.08,Enterprise contract renewals projected in Q3
2026-12,North,P005,ConnectBridge,73753.27,50152.22,7.7,77,66377.94,81128.6,Optimistic estimate based on South expansion momentum
2026-12,North,P006,StorageMax HDD,242611.07,109174.98,4.3,97,218349.96,266872.18,Post-Q2 recovery driven by H2 seasonality
2026-12,North,P007,ServerLink X1,402355.9,160942.36,14.1,83,362120.31,442591.49,Conservative estimate pending East region recovery
2026-12,North,P008,CyberAudit Suite,145190.86,104537.42,11.7,82,130671.77,159709.95,Conservative estimate pending East region recovery
2026-12,North,P009,WorkflowPro,58741.32,39356.68,12.6,72,52867.19,64615.45,Marketing campaigns scheduled for Q4 2026
2026-12,North,P010,InsightDash,98633.49,62139.1,6.2,73,88770.14,108496.84,Back-to-school and IT procurement cycle
2026-12,North,P011,APIGateway Pro,78075.12,53871.83,11.4,93,70267.61,85882.63,Marketing campaigns scheduled for Q4 2026
2026-12,North,P012,BackupCloud Ultra,47286.98,33573.76,8.9,86,42558.28,52015.68,YoY growth trajectory maintained from 2025 H2
2026-12,South,P001,CloudSync Pro,85634.66,55662.53,14.0,75,77071.19,94198.13,Holiday budget allocation expected to boost sales
2026-12,South,P002,DataVault Enterprise,149272.21,92548.77,13.3,95,134344.99,164199.43,Holiday budget allocation expected to boost sales
2026-12,South,P003,NetShield Plus,57587.66,40311.36,10.7,95,51828.89,63346.43,Enterprise contract renewals projected in Q3
2026-12,South,P004,AnalyticsEdge,120043.23,72025.94,8.5,96,108038.91,132047.55,Enterprise contract renewals projected in Q3
2026-12,South,P005,ConnectBridge,80950.29,55046.2,6.3,92,72855.26,89045.32,Conservative estimate pending East region recovery
2026-12,South,P006,StorageMax HDD,267914.76,120561.64,10.9,97,241123.28,294706.24,Holiday budget allocation expected to boost sales
2026-12,South,P007,ServerLink X1,402257.39,160902.96,7.5,79,362031.65,442483.13,Back-to-school and IT procurement cycle
2026-12,South,P008,CyberAudit Suite,159401.04,114768.75,13.2,72,143460.94,175341.14,YoY growth trajectory maintained from 2025 H2
2026-12,South,P009,WorkflowPro,69433.05,46520.14,7.0,91,62489.75,76376.36,Holiday budget allocation expected to boost sales
2026-12,South,P010,InsightDash,110690.04,69734.73,7.5,87,99621.04,121759.04,Holiday budget allocation expected to boost sales
2026-12,South,P011,APIGateway Pro,87616.66,60455.5,5.0,86,78854.99,96378.33,Back-to-school and IT procurement cycle
2026-12,South,P012,BackupCloud Ultra,46473.55,32996.22,7.1,77,41826.2,51120.91,Optimistic estimate based on South expansion momentum
2026-12,East,P001,CloudSync Pro,101929.15,66253.95,14.1,93,91736.24,112122.07,Expected recovery following May 2026 stockout resolution
2026-12,East,P002,DataVault Enterprise,176283.37,109295.69,14.3,88,158655.03,193911.71,Expected recovery following May 2026 stockout resolution
2026-12,East,P003,NetShield Plus,61612.38,43128.67,8.5,81,55451.14,67773.62,Enterprise contract renewals projected in Q3
2026-12,East,P004,AnalyticsEdge,157780.54,94668.32,12.4,82,142002.49,173558.59,Optimistic estimate based on South expansion momentum
2026-12,East,P005,ConnectBridge,83555.0,56817.4,10.0,90,75199.5,91910.5,Post-Q2 recovery driven by H2 seasonality
2026-12,East,P006,StorageMax HDD,322456.63,145105.48,13.6,79,290210.97,354702.29,Enterprise contract renewals projected in Q3
2026-12,East,P007,ServerLink X1,434272.26,173708.9,4.2,92,390845.03,477699.49,Marketing campaigns scheduled for Q4 2026
2026-12,East,P008,CyberAudit Suite,156569.12,112729.77,10.0,90,140912.21,172226.03,Post-Q2 recovery driven by H2 seasonality
2026-12,East,P009,WorkflowPro,76552.73,51290.33,13.1,79,68897.46,84208.0,Marketing campaigns scheduled for Q4 2026
2026-12,East,P010,InsightDash,126521.48,79708.53,9.4,73,113869.33,139173.63,Supplier delay resolved -- full inventory restored
2026-12,East,P011,APIGateway Pro,89740.99,61921.28,5.8,97,80766.89,98715.09,Conservative estimate pending East region recovery
2026-12,East,P012,BackupCloud Ultra,46769.6,33206.42,7.9,93,42092.64,51446.56,Conservative estimate pending East region recovery
2026-12,West,P001,CloudSync Pro,92833.31,60341.65,8.1,86,83549.98,102116.64,Optimistic estimate based on South expansion momentum
2026-12,West,P002,DataVault Enterprise,160842.25,99722.19,5.6,92,144758.02,176926.48,Marketing campaigns scheduled for Q4 2026
2026-12,West,P003,NetShield Plus,50788.21,35551.75,6.3,78,45709.39,55867.03,Optimistic estimate based on South expansion momentum
2026-12,West,P004,AnalyticsEdge,120021.2,72012.72,14.4,89,108019.08,132023.32,Conservative estimate pending East region recovery
2026-12,West,P005,ConnectBridge,73219.65,49789.36,3.0,86,65897.68,80541.62,Back-to-school and IT procurement cycle
2026-12,West,P006,StorageMax HDD,269064.52,121079.03,3.3,90,242158.07,295970.97,Expected recovery following May 2026 stockout resolution
2026-12,West,P007,ServerLink X1,399517.84,159807.14,9.7,89,359566.06,439469.62,Optimistic estimate based on South expansion momentum
2026-12,West,P008,CyberAudit Suite,126338.35,90963.61,8.6,91,113704.52,138972.19,Supplier delay resolved -- full inventory restored
2026-12,West,P009,WorkflowPro,55174.56,36966.96,12.4,78,49657.1,60692.02,Conservative estimate pending East region recovery
2026-12,West,P010,InsightDash,110178.0,69412.14,8.6,85,99160.2,121195.8,Back-to-school and IT procurement cycle
2026-12,West,P011,APIGateway Pro,83482.46,57602.9,12.8,72,75134.21,91830.71,Marketing campaigns scheduled for Q4 2026
2026-12,West,P012,BackupCloud Ultra,43119.01,30614.5,4.3,90,38807.11,47430.91,Supplier delay resolved -- full inventory restored
2026-12,Central,P001,CloudSync Pro,90793.71,59015.91,4.7,92,81714.34,99873.08,Optimistic estimate based on South expansion momentum
2026-12,Central,P002,DataVault Enterprise,172564.34,106989.89,12.7,95,155307.91,189820.77,Expected recovery following May 2026 stockout resolution
2026-12,Central,P003,NetShield Plus,51935.12,36354.58,12.2,75,46741.61,57128.63,Enterprise contract renewals projected in Q3
2026-12,Central,P004,AnalyticsEdge,128263.37,76958.02,10.3,89,115437.03,141089.71,Conservative estimate pending East region recovery
2026-12,Central,P005,ConnectBridge,82187.08,55887.21,12.7,97,73968.37,90405.79,Expected recovery following May 2026 stockout resolution
2026-12,Central,P006,StorageMax HDD,273293.41,122982.03,4.1,97,245964.07,300622.75,Post-Q2 recovery driven by H2 seasonality
2026-12,Central,P007,ServerLink X1,385327.08,154130.83,8.4,84,346794.37,423859.79,Supplier delay resolved -- full inventory restored
2026-12,Central,P008,CyberAudit Suite,144958.72,104370.28,12.7,91,130462.85,159454.59,Post-Q2 recovery driven by H2 seasonality
2026-12,Central,P009,WorkflowPro,57572.0,38573.24,3.1,90,51814.8,63329.2,Enterprise contract renewals projected in Q3
2026-12,Central,P010,InsightDash,101690.51,64065.02,11.9,90,91521.46,111859.56,Conservative estimate pending East region recovery
2026-12,Central,P011,APIGateway Pro,87846.54,60614.11,9.1,79,79061.89,96631.19,Back-to-school and IT procurement cycle
2026-12,Central,P012,BackupCloud Ultra,41333.19,29346.56,11.0,93,37199.87,45466.51,Supplier delay resolved -- full inventory restored
2027-01,North,P001,CloudSync Pro,63840.02,41496.01,9.8,86,57456.02,70224.02,Post-Q2 recovery driven by H2 seasonality
2027-01,North,P002,DataVault Enterprise,125384.08,77738.13,6.3,85,112845.67,137922.49,Marketing campaigns scheduled for Q4 2026
2027-01,North,P003,NetShield Plus,42887.52,30021.26,8.6,85,38598.77,47176.27,Conservative estimate pending East region recovery
2027-01,North,P004,AnalyticsEdge,79101.24,47460.74,12.9,78,71191.12,87011.36,YoY growth trajectory maintained from 2025 H2
2027-01,North,P005,ConnectBridge,50985.52,34670.15,7.9,97,45886.97,56084.07,Marketing campaigns scheduled for Q4 2026
2027-01,North,P006,StorageMax HDD,172788.19,77754.69,11.4,96,155509.37,190067.01,Enterprise contract renewals projected in Q3
2027-01,North,P007,ServerLink X1,283900.15,113560.06,10.4,78,255510.14,312290.17,Expected recovery following May 2026 stockout resolution
2027-01,North,P008,CyberAudit Suite,100522.33,72376.08,6.6,73,90470.1,110574.56,YoY growth trajectory maintained from 2025 H2
2027-01,North,P009,WorkflowPro,41755.21,27975.99,13.4,83,37579.69,45930.73,Enterprise contract renewals projected in Q3
2027-01,North,P010,InsightDash,71358.8,44956.04,8.8,91,64222.92,78494.68,Optimistic estimate based on South expansion momentum
2027-01,North,P011,APIGateway Pro,56922.21,39276.32,11.4,88,51229.99,62614.43,Holiday budget allocation expected to boost sales
2027-01,North,P012,BackupCloud Ultra,33769.73,23976.51,5.9,73,30392.76,37146.7,Holiday budget allocation expected to boost sales
2027-01,South,P001,CloudSync Pro,59417.09,38621.11,8.6,78,53475.38,65358.8,Expected recovery following May 2026 stockout resolution
2027-01,South,P002,DataVault Enterprise,110947.27,68787.31,6.2,81,99852.54,122042.0,Marketing campaigns scheduled for Q4 2026
2027-01,South,P003,NetShield Plus,40441.41,28308.99,10.3,94,36397.27,44485.55,Expected recovery following May 2026 stockout resolution
2027-01,South,P004,AnalyticsEdge,87355.7,52413.42,13.7,92,78620.13,96091.27,YoY growth trajectory maintained from 2025 H2
2027-01,South,P005,ConnectBridge,57028.32,38779.26,4.9,89,51325.49,62731.15,Marketing campaigns scheduled for Q4 2026
2027-01,South,P006,StorageMax HDD,180200.38,81090.17,10.0,84,162180.34,198220.42,Conservative estimate pending East region recovery
2027-01,South,P007,ServerLink X1,291816.07,116726.43,11.4,90,262634.46,320997.68,Marketing campaigns scheduled for Q4 2026
2027-01,South,P008,CyberAudit Suite,117096.08,84309.18,7.9,86,105386.47,128805.69,Conservative estimate pending East region recovery
2027-01,South,P009,WorkflowPro,46944.26,31452.65,13.1,79,42249.83,51638.69,Holiday budget allocation expected to boost sales
2027-01,South,P010,InsightDash,80972.46,51012.65,10.0,83,72875.21,89069.71,Supplier delay resolved -- full inventory restored
2027-01,South,P011,APIGateway Pro,60182.13,41525.67,5.7,87,54163.92,66200.34,Optimistic estimate based on South expansion momentum
2027-01,South,P012,BackupCloud Ultra,32931.55,23381.4,2.8,96,29638.4,36224.71,Back-to-school and IT procurement cycle
2027-01,East,P001,CloudSync Pro,64705.94,42058.86,7.6,85,58235.35,71176.53,Holiday budget allocation expected to boost sales
2027-01,East,P002,DataVault Enterprise,110805.94,68699.68,3.3,78,99725.35,121886.53,Enterprise contract renewals projected in Q3
2027-01,East,P003,NetShield Plus,38044.93,26631.45,8.3,96,34240.44,41849.42,Marketing campaigns scheduled for Q4 2026
2027-01,East,P004,AnalyticsEdge,94434.97,56660.98,5.0,75,84991.47,103878.47,YoY growth trajectory maintained from 2025 H2
2027-01,East,P005,ConnectBridge,51987.89,35351.77,8.5,86,46789.1,57186.68,Enterprise contract renewals projected in Q3
2027-01,East,P006,StorageMax HDD,193565.37,87104.42,10.9,76,174208.83,212921.91,Marketing campaigns scheduled for Q4 2026
2027-01,East,P007,ServerLink X1,262226.24,104890.5,8.6,89,236003.62,288448.86,Back-to-school and IT procurement cycle
2027-01,East,P008,CyberAudit Suite,99329.46,71517.21,4.1,74,89396.51,109262.41,YoY growth trajectory maintained from 2025 H2
2027-01,East,P009,WorkflowPro,45711.67,30626.82,13.6,93,41140.5,50282.84,Holiday budget allocation expected to boost sales
2027-01,East,P010,InsightDash,77284.06,48688.96,14.5,79,69555.65,85012.47,Back-to-school and IT procurement cycle
2027-01,East,P011,APIGateway Pro,54466.12,37581.62,3.6,95,49019.51,59912.73,YoY growth trajectory maintained from 2025 H2
2027-01,East,P012,BackupCloud Ultra,27678.63,19651.83,6.7,95,24910.77,30446.49,Holiday budget allocation expected to boost sales
2027-01,West,P001,CloudSync Pro,66375.77,43144.25,9.5,97,59738.19,73013.35,Supplier delay resolved -- full inventory restored
2027-01,West,P002,DataVault Enterprise,111179.77,68931.46,8.1,78,100061.79,122297.75,Holiday budget allocation expected to boost sales
2027-01,West,P003,NetShield Plus,35476.65,24833.65,7.1,87,31928.99,39024.32,Holiday budget allocation expected to boost sales
2027-01,West,P004,AnalyticsEdge,83806.2,50283.72,11.2,83,75425.58,92186.82,Optimistic estimate based on South expansion momentum
2027-01,West,P005,ConnectBridge,50725.19,34493.13,5.9,74,45652.67,55797.71,Marketing campaigns scheduled for Q4 2026
2027-01,West,P006,StorageMax HDD,187199.84,84239.93,13.7,91,168479.86,205919.82,Expected recovery following May 2026 stockout resolution
2027-01,West,P007,ServerLink X1,283039.67,113215.87,7.8,82,254735.7,311343.64,Post-Q2 recovery driven by H2 seasonality
2027-01,West,P008,CyberAudit Suite,92429.88,66549.51,13.3,74,83186.89,101672.87,Conservative estimate pending East region recovery
2027-01,West,P009,WorkflowPro,40024.18,26816.2,7.4,89,36021.76,44026.6,Expected recovery following May 2026 stockout resolution
2027-01,West,P010,InsightDash,79368.48,50002.14,13.8,75,71431.63,87305.33,Back-to-school and IT procurement cycle
2027-01,West,P011,APIGateway Pro,59696.31,41190.45,6.1,80,53726.68,65665.94,Marketing campaigns scheduled for Q4 2026
2027-01,West,P012,BackupCloud Ultra,30333.81,21537.01,13.2,94,27300.43,33367.19,Optimistic estimate based on South expansion momentum
2027-01,Central,P001,CloudSync Pro,62302.16,40496.4,9.2,94,56071.94,68532.38,Marketing campaigns scheduled for Q4 2026
2027-01,Central,P002,DataVault Enterprise,127359.1,78962.64,6.0,95,114623.19,140095.01,Enterprise contract renewals projected in Q3
2027-01,Central,P003,NetShield Plus,36659.25,25661.47,11.1,76,32993.33,40325.18,Conservative estimate pending East region recovery
2027-01,Central,P004,AnalyticsEdge,87533.14,52519.88,10.5,79,78779.83,96286.45,Back-to-school and IT procurement cycle
2027-01,Central,P005,ConnectBridge,58297.09,39642.02,2.8,76,52467.38,64126.8,Supplier delay resolved -- full inventory restored
2027-01,Central,P006,StorageMax HDD,197601.51,88920.68,10.1,95,177841.36,217361.66,Post-Q2 recovery driven by H2 seasonality
2027-01,Central,P007,ServerLink X1,270081.03,108032.41,10.2,84,243072.93,297089.13,Enterprise contract renewals projected in Q3
2027-01,Central,P008,CyberAudit Suite,98431.85,70870.93,13.2,85,88588.67,108275.04,Supplier delay resolved -- full inventory restored
2027-01,Central,P009,WorkflowPro,39530.11,26485.17,4.0,95,35577.1,43483.12,Supplier delay resolved -- full inventory restored
2027-01,Central,P010,InsightDash,74956.41,47222.54,7.5,74,67460.77,82452.05,Post-Q2 recovery driven by H2 seasonality
2027-01,Central,P011,APIGateway Pro,61827.17,42660.75,6.3,84,55644.45,68009.89,Back-to-school and IT procurement cycle
2027-01,Central,P012,BackupCloud Ultra,29103.85,20663.73,12.2,73,26193.47,32014.24,Enterprise contract renewals projected in Q3
2027-02,North,P001,CloudSync Pro,62147.65,40395.97,12.6,76,55932.89,68362.42,Back-to-school and IT procurement cycle
2027-02,North,P002,DataVault Enterprise,121301.92,75207.19,9.6,73,109171.73,133432.11,Expected recovery following May 2026 stockout resolution
2027-02,North,P003,NetShield Plus,42861.34,30002.94,5.0,86,38575.21,47147.47,Supplier delay resolved -- full inventory restored
2027-02,North,P004,AnalyticsEdge,75371.37,45222.82,13.2,87,67834.23,82908.51,YoY growth trajectory maintained from 2025 H2
2027-02,North,P005,ConnectBridge,50031.01,34021.09,2.7,87,45027.91,55034.11,Marketing campaigns scheduled for Q4 2026
2027-02,North,P006,StorageMax HDD,168626.14,75881.76,6.4,92,151763.53,185488.75,Holiday budget allocation expected to boost sales
2027-02,North,P007,ServerLink X1,265130.97,106052.39,7.3,80,238617.87,291644.07,Holiday budget allocation expected to boost sales
2027-02,North,P008,CyberAudit Suite,95352.48,68653.79,4.5,79,85817.23,104887.73,YoY growth trajectory maintained from 2025 H2
2027-02,North,P009,WorkflowPro,39415.38,26408.3,6.1,84,35473.84,43356.92,YoY growth trajectory maintained from 2025 H2
2027-02,North,P010,InsightDash,68067.42,42882.47,6.2,97,61260.68,74874.16,Supplier delay resolved -- full inventory restored
2027-02,North,P011,APIGateway Pro,55432.36,38248.33,3.8,84,49889.12,60975.6,Back-to-school and IT procurement cycle
2027-02,North,P012,BackupCloud Ultra,32190.81,22855.48,4.0,78,28971.73,35409.89,Expected recovery following May 2026 stockout resolution
2027-02,South,P001,CloudSync Pro,58085.61,37755.65,11.9,83,52277.05,63894.17,Supplier delay resolved -- full inventory restored
2027-02,South,P002,DataVault Enterprise,106675.81,66139.0,10.1,83,96008.23,117343.39,Optimistic estimate based on South expansion momentum
2027-02,South,P003,NetShield Plus,38622.2,27035.54,10.2,87,34759.98,42484.42,Marketing campaigns scheduled for Q4 2026
2027-02,South,P004,AnalyticsEdge,82497.96,49498.78,13.1,97,74248.16,90747.76,Expected recovery following May 2026 stockout resolution
2027-02,South,P005,ConnectBridge,53296.75,36241.79,3.0,78,47967.08,58626.43,Conservative estimate pending East region recovery
2027-02,South,P006,StorageMax HDD,176297.46,79333.86,14.2,95,158667.71,193927.21,YoY growth trajectory maintained from 2025 H2
2027-02,South,P007,ServerLink X1,277523.13,111009.25,11.2,78,249770.82,305275.44,Holiday budget allocation expected to boost sales
2027-02,South,P008,CyberAudit Suite,112448.21,80962.71,13.6,80,101203.39,123693.03,Conservative estimate pending East region recovery
2027-02,South,P009,WorkflowPro,46310.84,31028.26,4.2,89,41679.76,50941.92,Conservative estimate pending East region recovery
2027-02,South,P010,InsightDash,75559.33,47602.38,2.5,87,68003.4,83115.26,Back-to-school and IT procurement cycle
2027-02,South,P011,APIGateway Pro,59679.04,41178.54,3.3,83,53711.14,65646.94,Holiday budget allocation expected to boost sales
2027-02,South,P012,BackupCloud Ultra,30999.02,22009.3,11.4,74,27899.12,34098.92,YoY growth trajectory maintained from 2025 H2
2027-02,East,P001,CloudSync Pro,62011.55,40307.51,6.0,78,55810.4,68212.71,Enterprise contract renewals projected in Q3
2027-02,East,P002,DataVault Enterprise,104149.31,64572.57,3.9,94,93734.38,114564.24,Optimistic estimate based on South expansion momentum
2027-02,East,P003,NetShield Plus,36408.12,25485.68,8.7,90,32767.31,40048.93,YoY growth trajectory maintained from 2025 H2
2027-02,East,P004,AnalyticsEdge,89616.02,53769.61,4.1,94,80654.42,98577.62,Post-Q2 recovery driven by H2 seasonality
2027-02,East,P005,ConnectBridge,49337.79,33549.7,9.5,81,44404.01,54271.57,Back-to-school and IT procurement cycle
2027-02,East,P006,StorageMax HDD,185175.75,83329.09,10.3,85,166658.18,203693.33,Expected recovery following May 2026 stockout resolution
2027-02,East,P007,ServerLink X1,257615.88,103046.35,3.1,88,231854.29,283377.47,YoY growth trajectory maintained from 2025 H2
2027-02,East,P008,CyberAudit Suite,94757.26,68225.23,3.2,95,85281.53,104232.99,Conservative estimate pending East region recovery
2027-02,East,P009,WorkflowPro,43945.33,29443.37,5.4,81,39550.8,48339.86,Back-to-school and IT procurement cycle
2027-02,East,P010,InsightDash,74381.87,46860.58,6.4,74,66943.68,81820.06,Holiday budget allocation expected to boost sales
2027-02,East,P011,APIGateway Pro,52782.49,36419.92,8.3,85,47504.24,58060.74,Enterprise contract renewals projected in Q3
2027-02,East,P012,BackupCloud Ultra,27661.03,19639.33,13.8,72,24894.93,30427.13,Marketing campaigns scheduled for Q4 2026
2027-02,West,P001,CloudSync Pro,65114.28,42324.28,3.4,86,58602.85,71625.71,Expected recovery following May 2026 stockout resolution
2027-02,West,P002,DataVault Enterprise,107531.31,66669.41,10.6,92,96778.18,118284.44,Conservative estimate pending East region recovery
2027-02,West,P003,NetShield Plus,34326.45,24028.51,6.1,82,30893.8,37759.1,Marketing campaigns scheduled for Q4 2026
2027-02,West,P004,AnalyticsEdge,83150.33,49890.2,7.4,89,74835.3,91465.36,Post-Q2 recovery driven by H2 seasonality
2027-02,West,P005,ConnectBridge,48361.51,32885.83,7.6,90,43525.36,53197.66,Back-to-school and IT procurement cycle
2027-02,West,P006,StorageMax HDD,180561.19,81252.54,12.2,74,162505.07,198617.31,YoY growth trajectory maintained from 2025 H2
2027-02,West,P007,ServerLink X1,281915.77,112766.31,4.7,95,253724.19,310107.35,Back-to-school and IT procurement cycle
2027-02,West,P008,CyberAudit Suite,84395.95,60765.08,2.9,77,75956.35,92835.54,Back-to-school and IT procurement cycle
2027-02,West,P009,WorkflowPro,37258.19,24962.99,14.0,85,33532.37,40984.01,YoY growth trajectory maintained from 2025 H2
2027-02,West,P010,InsightDash,78173.34,49249.2,10.8,82,70356.01,85990.67,Post-Q2 recovery driven by H2 seasonality
2027-02,West,P011,APIGateway Pro,57278.75,39522.34,13.5,76,51550.88,63006.63,Enterprise contract renewals projected in Q3
2027-02,West,P012,BackupCloud Ultra,29125.71,20679.25,3.6,81,26213.14,32038.28,Enterprise contract renewals projected in Q3
2027-02,Central,P001,CloudSync Pro,59343.31,38573.15,7.4,73,53408.98,65277.64,Expected recovery following May 2026 stockout resolution
2027-02,Central,P002,DataVault Enterprise,119424.62,74043.26,5.6,95,107482.16,131367.08,Optimistic estimate based on South expansion momentum
2027-02,Central,P003,NetShield Plus,35356.46,24749.52,2.7,84,31820.81,38892.11,Supplier delay resolved -- full inventory restored
2027-02,Central,P004,AnalyticsEdge,87037.66,52222.6,5.0,95,78333.89,95741.43,Conservative estimate pending East region recovery
2027-02,Central,P005,ConnectBridge,54215.19,36866.33,4.1,76,48793.67,59636.71,Holiday budget allocation expected to boost sales
2027-02,Central,P006,StorageMax HDD,180564.5,81254.02,14.4,79,162508.05,198620.95,Optimistic estimate based on South expansion momentum
2027-02,Central,P007,ServerLink X1,253945.17,101578.07,10.5,73,228550.65,279339.69,YoY growth trajectory maintained from 2025 H2
2027-02,Central,P008,CyberAudit Suite,96601.37,69552.99,10.4,75,86941.23,106261.51,Optimistic estimate based on South expansion momentum
2027-02,Central,P009,WorkflowPro,38883.44,26051.9,12.7,75,34995.1,42771.78,Back-to-school and IT procurement cycle
2027-02,Central,P010,InsightDash,69303.92,43661.47,6.2,79,62373.53,76234.31,Optimistic estimate based on South expansion momentum
2027-02,Central,P011,APIGateway Pro,59578.35,41109.06,5.2,77,53620.51,65536.18,YoY growth trajectory maintained from 2025 H2
2027-02,Central,P012,BackupCloud Ultra,27946.97,19842.35,7.0,75,25152.27,30741.67,Back-to-school and IT procurement cycle
2027-03,North,P001,CloudSync Pro,66858.08,43457.75,11.3,80,60172.27,73543.89,YoY growth trajectory maintained from 2025 H2
2027-03,North,P002,DataVault Enterprise,140222.93,86938.22,7.4,81,126200.64,154245.22,YoY growth trajectory maintained from 2025 H2
2027-03,North,P003,NetShield Plus,45732.97,32013.08,6.2,88,41159.67,50306.27,Supplier delay resolved -- full inventory restored
2027-03,North,P004,AnalyticsEdge,82952.24,49771.34,12.1,91,74657.02,91247.46,Marketing campaigns scheduled for Q4 2026
2027-03,North,P005,ConnectBridge,55287.34,37595.39,2.6,80,49758.61,60816.07,Optimistic estimate based on South expansion momentum
2027-03,North,P006,StorageMax HDD,187315.94,84292.17,7.7,80,168584.35,206047.53,Enterprise contract renewals projected in Q3
2027-03,North,P007,ServerLink X1,304781.14,121912.46,11.3,90,274303.03,335259.25,YoY growth trajectory maintained from 2025 H2
2027-03,North,P008,CyberAudit Suite,108022.29,77776.05,11.5,92,97220.06,118824.52,Marketing campaigns scheduled for Q4 2026
2027-03,North,P009,WorkflowPro,45579.14,30538.02,12.9,79,41021.23,50137.05,Holiday budget allocation expected to boost sales
2027-03,North,P010,InsightDash,77118.3,48584.53,9.1,92,69406.47,84830.13,YoY growth trajectory maintained from 2025 H2
2027-03,North,P011,APIGateway Pro,59632.55,41146.46,8.2,79,53669.3,65595.81,YoY growth trajectory maintained from 2025 H2
2027-03,North,P012,BackupCloud Ultra,35794.68,25414.22,11.8,82,32215.21,39374.15,Enterprise contract renewals projected in Q3
2027-03,South,P001,CloudSync Pro,66586.07,43280.95,14.3,84,59927.46,73244.68,YoY growth trajectory maintained from 2025 H2
2027-03,South,P002,DataVault Enterprise,118669.95,73575.37,9.3,74,106802.96,130536.95,Holiday budget allocation expected to boost sales
2027-03,South,P003,NetShield Plus,42477.34,29734.14,13.3,77,38229.61,46725.07,YoY growth trajectory maintained from 2025 H2
2027-03,South,P004,AnalyticsEdge,94499.48,56699.69,13.0,88,85049.53,103949.43,Post-Q2 recovery driven by H2 seasonality
2027-03,South,P005,ConnectBridge,60728.09,41295.1,7.5,81,54655.28,66800.9,Expected recovery following May 2026 stockout resolution
2027-03,South,P006,StorageMax HDD,196359.94,88361.97,11.9,83,176723.95,215995.93,Back-to-school and IT procurement cycle
2027-03,South,P007,ServerLink X1,308405.78,123362.31,12.7,94,277565.2,339246.36,YoY growth trajectory maintained from 2025 H2
2027-03,South,P008,CyberAudit Suite,121077.59,87175.86,13.0,96,108969.83,133185.35,Holiday budget allocation expected to boost sales
2027-03,South,P009,WorkflowPro,53397.85,35776.56,7.2,95,48058.07,58737.64,YoY growth trajectory maintained from 2025 H2
2027-03,South,P010,InsightDash,86705.88,54624.7,6.6,89,78035.29,95376.47,Optimistic estimate based on South expansion momentum
2027-03,South,P011,APIGateway Pro,65695.28,45329.74,10.9,85,59125.75,72264.81,Enterprise contract renewals projected in Q3
2027-03,South,P012,BackupCloud Ultra,35449.93,25169.45,13.1,90,31904.94,38994.92,Conservative estimate pending East region recovery
2027-03,East,P001,CloudSync Pro,70136.03,45588.42,11.5,76,63122.43,77149.63,Holiday budget allocation expected to boost sales
2027-03,East,P002,DataVault Enterprise,115309.95,71492.17,13.4,96,103778.96,126840.95,Supplier delay resolved -- full inventory restored
2027-03,East,P003,NetShield Plus,40779.22,28545.45,9.6,81,36701.3,44857.14,Expected recovery following May 2026 stockout resolution
2027-03,East,P004,AnalyticsEdge,100924.01,60554.41,3.5,92,90831.61,111016.41,Marketing campaigns scheduled for Q4 2026
2027-03,East,P005,ConnectBridge,57065.28,38804.39,10.9,85,51358.75,62771.81,Back-to-school and IT procurement cycle
2027-03,East,P006,StorageMax HDD,210751.24,94838.06,9.1,79,189676.12,231826.36,YoY growth trajectory maintained from 2025 H2
2027-03,East,P007,ServerLink X1,283739.89,113495.96,13.8,81,255365.9,312113.88,Supplier delay resolved -- full inventory restored
2027-03,East,P008,CyberAudit Suite,106200.49,76464.35,8.5,85,95580.44,116820.54,Back-to-school and IT procurement cycle
2027-03,East,P009,WorkflowPro,49671.03,33279.59,2.8,97,44703.93,54638.13,Expected recovery following May 2026 stockout resolution
2027-03,East,P010,InsightDash,82194.58,51782.59,9.0,81,73975.12,90414.04,Optimistic estimate based on South expansion momentum
2027-03,East,P011,APIGateway Pro,59861.3,41304.3,10.2,91,53875.17,65847.43,Optimistic estimate based on South expansion momentum
2027-03,East,P012,BackupCloud Ultra,31137.49,22107.62,11.6,97,28023.74,34251.24,Expected recovery following May 2026 stockout resolution
2027-03,West,P001,CloudSync Pro,71131.19,46235.27,6.8,79,64018.07,78244.31,Conservative estimate pending East region recovery
2027-03,West,P002,DataVault Enterprise,120463.49,74687.36,7.2,97,108417.14,132509.84,Conservative estimate pending East region recovery
2027-03,West,P003,NetShield Plus,39146.02,27402.21,10.8,74,35231.42,43060.62,Post-Q2 recovery driven by H2 seasonality
2027-03,West,P004,AnalyticsEdge,89686.03,53811.62,8.5,78,80717.43,98654.63,Marketing campaigns scheduled for Q4 2026
2027-03,West,P005,ConnectBridge,54011.37,36727.73,3.2,94,48610.23,59412.51,Enterprise contract renewals projected in Q3
2027-03,West,P006,StorageMax HDD,208328.67,93747.9,11.8,75,187495.8,229161.54,Holiday budget allocation expected to boost sales
2027-03,West,P007,ServerLink X1,307609.67,123043.87,7.6,87,276848.7,338370.64,Conservative estimate pending East region recovery
2027-03,West,P008,CyberAudit Suite,99523.0,71656.56,2.7,76,89570.7,109475.3,Supplier delay resolved -- full inventory restored
2027-03,West,P009,WorkflowPro,43381.23,29065.42,9.4,75,39043.11,47719.35,Enterprise contract renewals projected in Q3
2027-03,West,P010,InsightDash,87382.46,55050.95,14.2,84,78644.21,96120.71,Back-to-school and IT procurement cycle
2027-03,West,P011,APIGateway Pro,63701.45,43954.0,6.1,96,57331.31,70071.6,Marketing campaigns scheduled for Q4 2026
2027-03,West,P012,BackupCloud Ultra,32767.02,23264.58,6.4,80,29490.32,36043.72,Enterprise contract renewals projected in Q3
2027-03,Central,P001,CloudSync Pro,69279.3,45031.55,14.4,92,62351.37,76207.23,Enterprise contract renewals projected in Q3
2027-03,Central,P002,DataVault Enterprise,134070.32,83123.6,10.9,83,120663.29,147477.35,Supplier delay resolved -- full inventory restored
2027-03,Central,P003,NetShield Plus,38662.88,27064.02,12.3,91,34796.59,42529.17,Expected recovery following May 2026 stockout resolution
2027-03,Central,P004,AnalyticsEdge,94809.3,56885.58,11.5,90,85328.37,104290.23,Optimistic estimate based on South expansion momentum
2027-03,Central,P005,ConnectBridge,62414.0,42441.52,6.1,78,56172.6,68655.4,Supplier delay resolved -- full inventory restored
2027-03,Central,P006,StorageMax HDD,211562.73,95203.23,5.6,93,190406.46,232719.0,Expected recovery following May 2026 stockout resolution
2027-03,Central,P007,ServerLink X1,298850.26,119540.1,3.8,92,268965.23,328735.29,Supplier delay resolved -- full inventory restored
2027-03,Central,P008,CyberAudit Suite,110085.41,79261.5,7.1,81,99076.87,121093.95,Optimistic estimate based on South expansion momentum
2027-03,Central,P009,WorkflowPro,42694.44,28605.27,9.9,86,38425.0,46963.88,Post-Q2 recovery driven by H2 seasonality
2027-03,Central,P010,InsightDash,78191.52,49260.66,13.2,79,70372.37,86010.67,Back-to-school and IT procurement cycle
2027-03,Central,P011,APIGateway Pro,67519.22,46588.26,9.7,73,60767.3,74271.14,Expected recovery following May 2026 stockout resolution
2027-03,Central,P012,BackupCloud Ultra,32714.41,23227.23,3.8,83,29442.97,35985.85,Optimistic estimate based on South expansion momentum
2027-04,North,P001,CloudSync Pro,68416.85,44470.95,7.3,94,61575.17,75258.54,Back-to-school and IT procurement cycle
2027-04,North,P002,DataVault Enterprise,142398.45,88287.04,5.8,90,128158.61,156638.3,Post-Q2 recovery driven by H2 seasonality
2027-04,North,P003,NetShield Plus,49016.37,34311.46,3.5,79,44114.73,53918.01,Back-to-school and IT procurement cycle
2027-04,North,P004,AnalyticsEdge,85435.48,51261.29,5.8,87,76891.93,93979.03,Supplier delay resolved -- full inventory restored
2027-04,North,P005,ConnectBridge,58425.27,39729.18,10.4,78,52582.74,64267.8,Holiday budget allocation expected to boost sales
2027-04,North,P006,StorageMax HDD,193480.04,87066.02,3.7,73,174132.04,212828.04,Optimistic estimate based on South expansion momentum
2027-04,North,P007,ServerLink X1,310689.03,124275.61,10.8,74,279620.13,341757.93,Post-Q2 recovery driven by H2 seasonality
2027-04,North,P008,CyberAudit Suite,116236.61,83690.36,12.9,87,104612.95,127860.27,Optimistic estimate based on South expansion momentum
2027-04,North,P009,WorkflowPro,45874.39,30735.84,3.4,80,41286.95,50461.83,Conservative estimate pending East region recovery
2027-04,North,P010,InsightDash,76855.6,48419.03,7.3,81,69170.04,84541.16,Optimistic estimate based on South expansion momentum
2027-04,North,P011,APIGateway Pro,63311.42,43684.88,9.6,93,56980.28,69642.56,Expected recovery following May 2026 stockout resolution
2027-04,North,P012,BackupCloud Ultra,37742.57,26797.22,3.1,81,33968.31,41516.83,Enterprise contract renewals projected in Q3
2027-04,South,P001,CloudSync Pro,68274.0,44378.1,3.0,88,61446.6,75101.4,Conservative estimate pending East region recovery
2027-04,South,P002,DataVault Enterprise,122537.95,75973.53,7.5,85,110284.15,134791.74,Expected recovery following May 2026 stockout resolution
2027-04,South,P003,NetShield Plus,43598.44,30518.91,9.0,73,39238.6,47958.28,Expected recovery following May 2026 stockout resolution
2027-04,South,P004,AnalyticsEdge,97993.32,58795.99,9.7,79,88193.99,107792.65,Holiday budget allocation expected to boost sales
2027-04,South,P005,ConnectBridge,60872.35,41393.2,14.0,96,54785.11,66959.59,Back-to-school and IT procurement cycle
2027-04,South,P006,StorageMax HDD,202452.5,91103.62,13.2,82,182207.25,222697.75,Holiday budget allocation expected to boost sales
2027-04,South,P007,ServerLink X1,324042.41,129616.96,13.2,73,291638.17,356446.65,Back-to-school and IT procurement cycle
2027-04,South,P008,CyberAudit Suite,126125.15,90810.11,3.4,73,113512.63,138737.67,Marketing campaigns scheduled for Q4 2026
2027-04,South,P009,WorkflowPro,53929.17,36132.54,10.6,87,48536.25,59322.09,Optimistic estimate based on South expansion momentum
2027-04,South,P010,InsightDash,86430.0,54450.9,13.5,84,77787.0,95073.0,Post-Q2 recovery driven by H2 seasonality
2027-04,South,P011,APIGateway Pro,65282.94,45045.23,11.9,75,58754.65,71811.23,Expected recovery following May 2026 stockout resolution
2027-04,South,P012,BackupCloud Ultra,36631.67,26008.49,3.9,76,32968.5,40294.84,Expected recovery following May 2026 stockout resolution
2027-04,East,P001,CloudSync Pro,71055.87,46186.32,6.2,72,63950.28,78161.46,Enterprise contract renewals projected in Q3
2027-04,East,P002,DataVault Enterprise,119684.58,74204.44,8.1,72,107716.12,131653.04,Enterprise contract renewals projected in Q3
2027-04,East,P003,NetShield Plus,43270.87,30289.61,8.7,97,38943.78,47597.96,Expected recovery following May 2026 stockout resolution
2027-04,East,P004,AnalyticsEdge,103799.32,62279.59,3.9,89,93419.39,114179.25,Marketing campaigns scheduled for Q4 2026
2027-04,East,P005,ConnectBridge,58824.73,40000.82,6.1,76,52942.26,64707.2,Marketing campaigns scheduled for Q4 2026
2027-04,East,P006,StorageMax HDD,219835.45,98925.95,3.4,91,197851.91,241819.0,Back-to-school and IT procurement cycle
2027-04,East,P007,ServerLink X1,305134.14,122053.66,8.2,88,274620.73,335647.55,YoY growth trajectory maintained from 2025 H2
2027-04,East,P008,CyberAudit Suite,109176.22,78606.88,6.0,85,98258.6,120093.84,Back-to-school and IT procurement cycle
2027-04,East,P009,WorkflowPro,51046.14,34200.91,5.4,97,45941.53,56150.75,Expected recovery following May 2026 stockout resolution
2027-04,East,P010,InsightDash,82968.5,52270.15,10.1,81,74671.65,91265.35,Optimistic estimate based on South expansion momentum
2027-04,East,P011,APIGateway Pro,63608.38,43889.78,10.4,84,57247.54,69969.22,Expected recovery following May 2026 stockout resolution
2027-04,East,P012,BackupCloud Ultra,32178.5,22846.74,14.5,77,28960.65,35396.35,Back-to-school and IT procurement cycle
2027-04,West,P001,CloudSync Pro,74378.12,48345.78,3.9,81,66940.31,81815.93,Post-Q2 recovery driven by H2 seasonality
2027-04,West,P002,DataVault Enterprise,124212.79,77011.93,5.3,82,111791.51,136634.07,Back-to-school and IT procurement cycle
2027-04,West,P003,NetShield Plus,39603.77,27722.64,7.4,93,35643.39,43564.15,Supplier delay resolved -- full inventory restored
2027-04,West,P004,AnalyticsEdge,96582.61,57949.57,4.7,74,86924.35,106240.87,Supplier delay resolved -- full inventory restored
2027-04,West,P005,ConnectBridge,57142.85,38857.14,12.3,82,51428.57,62857.14,Enterprise contract renewals projected in Q3
2027-04,West,P006,StorageMax HDD,217740.38,97983.17,4.6,92,195966.34,239514.42,Marketing campaigns scheduled for Q4 2026
2027-04,West,P007,ServerLink X1,321185.73,128474.29,13.2,72,289067.16,353304.3,Enterprise contract renewals projected in Q3
2027-04,West,P008,CyberAudit Suite,101036.95,72746.6,5.9,95,90933.26,111140.65,Expected recovery following May 2026 stockout resolution
2027-04,West,P009,WorkflowPro,45286.95,30342.26,8.1,89,40758.25,49815.65,Optimistic estimate based on South expansion momentum
2027-04,West,P010,InsightDash,88699.16,55880.47,5.8,88,79829.24,97569.08,YoY growth trajectory maintained from 2025 H2
2027-04,West,P011,APIGateway Pro,65061.26,44892.27,9.8,88,58555.13,71567.39,Optimistic estimate based on South expansion momentum
2027-04,West,P012,BackupCloud Ultra,34995.83,24847.04,9.7,73,31496.25,38495.41,Post-Q2 recovery driven by H2 seasonality
2027-04,Central,P001,CloudSync Pro,69864.01,45411.61,9.6,92,62877.61,76850.41,YoY growth trajectory maintained from 2025 H2
2027-04,Central,P002,DataVault Enterprise,138672.41,85976.89,6.7,93,124805.17,152539.65,Supplier delay resolved -- full inventory restored
2027-04,Central,P003,NetShield Plus,39891.34,27923.94,6.9,88,35902.21,43880.47,Holiday budget allocation expected to boost sales
2027-04,Central,P004,AnalyticsEdge,100312.1,60187.26,12.7,77,90280.89,110343.31,Marketing campaigns scheduled for Q4 2026
2027-04,Central,P005,ConnectBridge,64413.88,43801.44,3.5,76,57972.49,70855.27,Supplier delay resolved -- full inventory restored
2027-04,Central,P006,StorageMax HDD,212893.31,95801.99,11.6,83,191603.98,234182.64,Supplier delay resolved -- full inventory restored
2027-04,Central,P007,ServerLink X1,297032.04,118812.82,5.6,72,267328.84,326735.24,Marketing campaigns scheduled for Q4 2026
2027-04,Central,P008,CyberAudit Suite,108984.36,78468.74,3.0,81,98085.92,119882.8,Holiday budget allocation expected to boost sales
2027-04,Central,P009,WorkflowPro,43118.4,28889.33,5.2,84,38806.56,47430.24,Conservative estimate pending East region recovery
2027-04,Central,P010,InsightDash,81811.83,51541.45,14.0,77,73630.65,89993.01,Holiday budget allocation expected to boost sales
2027-04,Central,P011,APIGateway Pro,68434.85,47220.05,10.9,86,61591.37,75278.34,Expected recovery following May 2026 stockout resolution
2027-04,Central,P012,BackupCloud Ultra,33591.82,23850.19,2.5,92,30232.64,36951.0,Supplier delay resolved -- full inventory restored
2027-05,North,P001,CloudSync Pro,65741.69,42732.1,9.7,93,59167.52,72315.86,Holiday budget allocation expected to boost sales
2027-05,North,P002,DataVault Enterprise,137040.0,84964.8,12.2,75,123336.0,150744.0,Marketing campaigns scheduled for Q4 2026
2027-05,North,P003,NetShield Plus,44314.15,31019.9,4.2,87,39882.74,48745.57,Supplier delay resolved -- full inventory restored
2027-05,North,P004,AnalyticsEdge,79698.91,47819.35,8.5,75,71729.02,87668.8,Expected recovery following May 2026 stockout resolution
2027-05,North,P005,ConnectBridge,53292.92,36239.19,12.0,77,47963.63,58622.21,Enterprise contract renewals projected in Q3
2027-05,North,P006,StorageMax HDD,178326.75,80247.04,9.1,77,160494.08,196159.43,Enterprise contract renewals projected in Q3
2027-05,North,P007,ServerLink X1,291851.75,116740.7,5.9,89,262666.58,321036.93,Holiday budget allocation expected to boost sales
2027-05,North,P008,CyberAudit Suite,106035.64,76345.66,12.9,88,95432.08,116639.2,Back-to-school and IT procurement cycle
2027-05,North,P009,WorkflowPro,43437.46,29103.1,9.8,91,39093.71,47781.21,Holiday budget allocation expected to boost sales
2027-05,North,P010,InsightDash,71887.47,45289.11,5.8,73,64698.72,79076.22,Conservative estimate pending East region recovery
2027-05,North,P011,APIGateway Pro,58069.64,40068.05,9.8,75,52262.68,63876.6,Back-to-school and IT procurement cycle
2027-05,North,P012,BackupCloud Ultra,34597.93,24564.53,11.9,94,31138.14,38057.72,Expected recovery following May 2026 stockout resolution
2027-05,South,P001,CloudSync Pro,64253.18,41764.57,6.7,72,57827.86,70678.5,YoY growth trajectory maintained from 2025 H2
2027-05,South,P002,DataVault Enterprise,110727.55,68651.08,14.1,86,99654.79,121800.31,Enterprise contract renewals projected in Q3
2027-05,South,P003,NetShield Plus,40337.68,28236.38,10.2,90,36303.91,44371.45,Enterprise contract renewals projected in Q3
2027-05,South,P004,AnalyticsEdge,92249.4,55349.64,2.6,85,83024.46,101474.34,Holiday budget allocation expected to boost sales
2027-05,South,P005,ConnectBridge,57051.86,38795.26,10.9,93,51346.67,62757.05,YoY growth trajectory maintained from 2025 H2
2027-05,South,P006,StorageMax HDD,198142.36,89164.06,9.2,73,178328.12,217956.6,Optimistic estimate based on South expansion momentum
2027-05,South,P007,ServerLink X1,307944.69,123177.88,8.8,72,277150.22,338739.16,Enterprise contract renewals projected in Q3
2027-05,South,P008,CyberAudit Suite,122765.47,88391.14,2.7,74,110488.92,135042.02,Post-Q2 recovery driven by H2 seasonality
2027-05,South,P009,WorkflowPro,51624.32,34588.29,3.7,81,46461.89,56786.75,YoY growth trajectory maintained from 2025 H2
2027-05,South,P010,InsightDash,81851.15,51566.22,3.4,82,73666.04,90036.26,Enterprise contract renewals projected in Q3
2027-05,South,P011,APIGateway Pro,63952.28,44127.07,8.6,75,57557.05,70347.51,Holiday budget allocation expected to boost sales
2027-05,South,P012,BackupCloud Ultra,33369.25,23692.17,9.2,97,30032.33,36706.18,Marketing campaigns scheduled for Q4 2026
2027-05,East,P001,CloudSync Pro,65530.16,42594.6,13.1,76,58977.14,72083.18,Conservative estimate pending East region recovery
2027-05,East,P002,DataVault Enterprise,110535.23,68531.84,3.5,88,99481.71,121588.75,Conservative estimate pending East region recovery
2027-05,East,P003,NetShield Plus,40516.6,28361.62,5.2,84,36464.94,44568.26,Back-to-school and IT procurement cycle
2027-05,East,P004,AnalyticsEdge,100207.71,60124.63,8.5,89,90186.94,110228.48,Post-Q2 recovery driven by H2 seasonality
2027-05,East,P005,ConnectBridge,54647.56,37160.34,5.2,89,49182.8,60112.32,Optimistic estimate based on South expansion momentum
2027-05,East,P006,StorageMax HDD,204435.81,91996.11,10.5,75,183992.23,224879.39,Back-to-school and IT procurement cycle
2027-05,East,P007,ServerLink X1,284014.51,113605.8,9.9,94,255613.06,312415.96,Marketing campaigns scheduled for Q4 2026
2027-05,East,P008,CyberAudit Suite,101013.55,72729.76,13.5,79,90912.2,111114.91,Supplier delay resolved -- full inventory restored
2027-05,East,P009,WorkflowPro,47895.34,32089.88,2.7,82,43105.81,52684.87,Conservative estimate pending East region recovery
2027-05,East,P010,InsightDash,79261.85,49934.97,6.6,87,71335.67,87188.04,YoY growth trajectory maintained from 2025 H2
2027-05,East,P011,APIGateway Pro,58395.93,40293.19,6.2,96,52556.34,64235.52,Post-Q2 recovery driven by H2 seasonality
2027-05,East,P012,BackupCloud Ultra,29784.69,21147.13,5.8,90,26806.22,32763.16,Post-Q2 recovery driven by H2 seasonality
2027-05,West,P001,CloudSync Pro,70624.87,45906.17,9.7,85,63562.38,77687.36,Optimistic estimate based on South expansion momentum
2027-05,West,P002,DataVault Enterprise,120638.95,74796.15,10.8,83,108575.05,132702.85,Enterprise contract renewals projected in Q3
2027-05,West,P003,NetShield Plus,37603.45,26322.41,12.1,85,33843.1,41363.79,Post-Q2 recovery driven by H2 seasonality
2027-05,West,P004,AnalyticsEdge,87554.63,52532.78,11.2,84,78799.17,96310.09,YoY growth trajectory maintained from 2025 H2
2027-05,West,P005,ConnectBridge,53235.14,36199.9,5.4,86,47911.63,58558.65,Holiday budget allocation expected to boost sales
2027-05,West,P006,StorageMax HDD,196941.69,88623.76,13.2,74,177247.52,216635.86,Supplier delay resolved -- full inventory restored
2027-05,West,P007,ServerLink X1,294008.42,117603.37,7.8,74,264607.58,323409.26,Back-to-school and IT procurement cycle
2027-05,West,P008,CyberAudit Suite,93638.58,67419.78,9.2,81,84274.72,103002.44,Optimistic estimate based on South expansion momentum
2027-05,West,P009,WorkflowPro,42426.48,28425.74,3.2,83,38183.83,46669.13,Back-to-school and IT procurement cycle
2027-05,West,P010,InsightDash,82924.25,52242.28,8.6,78,74631.82,91216.68,Marketing campaigns scheduled for Q4 2026
2027-05,West,P011,APIGateway Pro,62171.06,42898.03,9.9,77,55953.95,68388.17,Optimistic estimate based on South expansion momentum
2027-05,West,P012,BackupCloud Ultra,32598.24,23144.75,6.0,81,29338.42,35858.06,Marketing campaigns scheduled for Q4 2026
2027-05,Central,P001,CloudSync Pro,67191.51,43674.48,8.5,77,60472.36,73910.66,YoY growth trajectory maintained from 2025 H2
2027-05,Central,P002,DataVault Enterprise,133084.2,82512.2,12.2,89,119775.78,146392.62,Holiday budget allocation expected to boost sales
2027-05,Central,P003,NetShield Plus,38517.28,26962.1,5.4,76,34665.55,42369.01,Holiday budget allocation expected to boost sales
2027-05,Central,P004,AnalyticsEdge,90236.53,54141.92,6.1,72,81212.88,99260.18,Post-Q2 recovery driven by H2 seasonality
2027-05,Central,P005,ConnectBridge,59159.48,40228.45,8.0,76,53243.53,65075.43,Holiday budget allocation expected to boost sales
2027-05,Central,P006,StorageMax HDD,196318.0,88343.1,6.5,79,176686.2,215949.8,Supplier delay resolved -- full inventory restored
2027-05,Central,P007,ServerLink X1,282782.7,113113.08,6.4,82,254504.43,311060.97,YoY growth trajectory maintained from 2025 H2
2027-05,Central,P008,CyberAudit Suite,105067.13,75648.33,12.7,90,94560.42,115573.84,Post-Q2 recovery driven by H2 seasonality
2027-05,Central,P009,WorkflowPro,41157.22,27575.34,12.5,90,37041.5,45272.94,Supplier delay resolved -- full inventory restored
2027-05,Central,P010,InsightDash,73910.16,46563.4,5.8,83,66519.14,81301.18,Marketing campaigns scheduled for Q4 2026
2027-05,Central,P011,APIGateway Pro,64327.85,44386.22,14.5,78,57895.07,70760.64,Back-to-school and IT procurement cycle
2027-05,Central,P012,BackupCloud Ultra,31128.51,22101.24,9.9,82,28015.66,34241.36,Optimistic estimate based on South expansion momentum
